Exercise_Name,Description_URL,Exercise_Image,Exercise_Image1,muscle_gp,Equipment
Rickshaw Carry,https://www.bodybuilding.com/exercises/rickshaw-carry,https://www.bodybuilding.com/exercises/exerciseImages/sequences/742/Male/m/742_1.jpg,https://www.bodybuilding.com/exercises/exerciseImages/sequences/742/Male/m/742_2.jpg,Forearms,Other
Single-Leg Press,https://www.bodybuilding.com/exercises/single-leg-press,https://www.bodybuilding.com/images/2020/xdb/cropped/xdb-50m-single-leg-leg-press-m1-square-600x600.jpg,https://www.bodybuilding.com/images/2020/xdb/cropped/xdb-50m-single-leg-leg-press-m2-square-600x600.jpg,Quadriceps,Machine
Landmine twist,https://www.bodybuilding.com/exercises/landmine-180s,https://www.bodybuilding.com/images/2020/xdb/cropped/xdb-129s-landmine-twist-m1-square-600x600.jpg,https://www.bodybuilding.com/images/2020/xdb/cropped/xdb-129s-landmine-twist-m3-square-600x600.jpg,Abdominals,Other
Weighted pull-up,https://www.bodybuilding.com/exercises/weighted-pull-ups,https://www.bodybuilding.com/images/2020/xdb/cropped/xdb-96c-weighted-pull-up-m1-square-600x600.jpg,https://www.bodybuilding.com/images/2020/xdb/cropped/xdb-96c-weighted-pull-up-m2-square-600x600.jpg,Lats,Other
T-Bar Row with Handle,https://www.bodybuilding.com/exercises/t-bar-row-with-handle,https://www.bodybuilding.com/exercises/exerciseImages/sequences/1931/Male/m/1931_1.jpg,https://www.bodybuilding.com/images/2020/october/1931_2sm.jpg,Middle Back,Other
Palms-down wrist curl over bench,https://www.bodybuilding.com/exercises/palms-down-wrist-curl-over-a-bench,https://www.bodybuilding.com/images/2020/xdb/cropped/xdb-62e-palms-down-wrist-curl-over-bench-m1-square-600x600.jpg,https://www.bodybuilding.com/images/2020/xdb/cropped/xdb-62e-palms-down-wrist-curl-over-bench-m2-square-600x600.jpg,Forearms,Barbell
Atlas Stones,https://www.bodybuilding.com/exercises/atlas-stones,https://www.bodybuilding.com/exercises/exerciseImages/sequences/659/Male/m/659_1.jpg,https://www.bodybuilding.com/exercises/exerciseImages/sequences/659/Male/m/659_2.jpg,Lower Back,Other
Dumbbell front raise to lateral raise,https://www.bodybuilding.com/exercises/side-laterals-to-front-raise-,https://www.bodybuilding.com/images/2020/xdb/cropped/xdb-61d-dumbbell-front-raise-to-lateral-raise-m2-square-600x600.jpg,https://www.bodybuilding.com/images/2020/xdb/cropped/xdb-61d-dumbbell-front-raise-to-lateral-raise-m3-square-600x600.jpg,Shoulders,Dumbbell
Clean from Blocks,https://www.bodybuilding.com/exercises/clean-from-blocks,https://www.bodybuilding.com/exercises/exerciseImages/sequences/746/Male/m/746_1.jpg,https://www.bodybuilding.com/exercises/exerciseImages/sequences/746/Male/m/746_2.jpg,Quadriceps,Barbell
Incline Hammer Curls,https://www.bodybuilding.com/exercises/incline-hammer-curls,https://www.bodybuilding.com/exercises/exerciseImages/sequences/882/Male/m/882_1.jpg,https://www.bodybuilding.com/exercises/exerciseImages/sequences/882/Male/m/882_2.jpg,Biceps,Dumbbell
Straight-bar wrist roll-up,https://www.bodybuilding.com/exercises/wrist-rotations-with-straight-bar,https://www.bodybuilding.com/images/2020/xdb/cropped/xdb-116s-straight-bar-wrist-roll-up-m1-square-600x600.jpg,https://www.bodybuilding.com/images/2020/xdb/cropped/xdb-116s-straight-bar-wrist-roll-up-m3-square-600x600.jpg,Forearms,
Barbell glute bridge,https://www.bodybuilding.com/exercises/barbell-glute-bridge,https://www.bodybuilding.com/images/2020/xdb/cropped/xdb-114s-barbell-glute-bridge-m1-square-600x600.jpg,https://www.bodybuilding.com/images/2020/xdb/cropped/xdb-114s-barbell-glute-bridge-m2-square-600x600.jpg,Glutes,Barbell
Clean and press,https://www.bodybuilding.com/exercises/clean-and-press,https://www.bodybuilding.com/images/2020/xdb/cropped/xdb-27b-clean-and-press-m1-square-600x600.jpg,https://www.bodybuilding.com/images/2020/xdb/cropped/xdb-27b-clean-and-press-m5-square-600x600.jpg,Shoulders,Barbell
Triceps dip,https://www.bodybuilding.com/exercises/dips-triceps-version,https://www.bodybuilding.com/images/2020/xdb/cropped/xdb-1m-triceps-dip-m1-square-600x600.jpg,https://www.bodybuilding.com/images/2020/xdb/cropped/xdb-1m-triceps-dip-m2-square-600x600.jpg,Triceps,Body Only
Dumbbell farmer's walk,https://www.bodybuilding.com/exercises/farmers-walk,https://www.bodybuilding.com/images/2020/xdb/cropped/xdb-30d-dumbbell-farmers-walk-m1-square-600x600.jpg,https://www.bodybuilding.com/images/2020/xdb/cropped/xdb-30d-dumbbell-farmers-walk-m5-square-600x600.jpg,Forearms,Other
Palms-up wrist curl over bench,https://www.bodybuilding.com/exercises/palms-up-barbell-wrist-curl-over-a-bench,,,Forearms,Barbell
Barbell Full Squat,https://www.bodybuilding.com/exercises/barbell-full-squat,,,Quadriceps,Barbell
Barbell deficit deadlift,https://www.bodybuilding.com/exercises/deficit-deadlift,,,Lower Back,Barbell
Barbell Deadlift,https://www.bodybuilding.com/exercises/barbell-deadlift,https://www.bodybuilding.com/images/2020/xdb/originals/xdb-07b-barbell-deadlift-m1-16x9.jpg,,Hamstrings,Barbell
Single-arm palm-in dumbbell shoulder press,https://www.bodybuilding.com/exercises/standing-palm-in-one-arm-dumbbell-press,,,Shoulders,Dumbbell
Romanian Deadlift With Dumbbells,https://www.bodybuilding.com/exercises/romanian-deadlift-with-dumbbells,,,Hamstrings,Dumbbell
Tire flip,https://www.bodybuilding.com/exercises/tire-flip,,,Quadriceps,Other
Clean Deadlift,https://www.bodybuilding.com/exercises/clean-deadlift,,,Hamstrings,Barbell
Elbow plank,https://www.bodybuilding.com/exercises/plank,,,Abdominals,Body Only
Bottoms Up,https://www.bodybuilding.com/exercises/bottoms-up,https://www.bodybuilding.com/images/2020/xdb/cropped/xdb-63a-lying-leg-lift-m2-square-600x600.jpg,,Abdominals,Body Only
Barbell back squat to box,https://www.bodybuilding.com/exercises/box-squat,https://www.bodybuilding.com/images/2020/xdb/cropped/xdb-72e-barbell-back-squat-to-box-m2-square-600x600.jpg,,Quadriceps,Barbell
Clean and jerk,https://www.bodybuilding.com/exercises/clean-and-jerk,https://www.bodybuilding.com/images/2020/xdb/cropped/xdb-26b-clean-and-jerk-m1-square-600x600.jpg,,Shoulders,Barbell
Single-arm kettlebell push-press,https://www.bodybuilding.com/exercises/one-arm-kettlebell-push-press,https://www.bodybuilding.com/images/2020/xdb/cropped/xdb-67k-single-arm-kettlebell-push-press-m2-square-600x600.jpg,https://www.bodybuilding.com/images/2020/xdb/cropped/xdb-67k-single-arm-kettlebell-push-press-m3-square-600x600.jpg,Shoulders,Kettlebells
Push-press,https://www.bodybuilding.com/exercises/push-press,https://www.bodybuilding.com/images/2020/xdb/cropped/xdb-39b-push-press-m2-square-600x600.jpg,,Quadriceps,Barbell
Suspended ab fall-out,https://www.bodybuilding.com/exercises/suspended-fallout,https://www.bodybuilding.com/images/2020/xdb/cropped/2019-xdb-158s-suspended-ab-fall-out-m2-600x600.jpg,,Abdominals,Other
Military press,https://www.bodybuilding.com/exercises/standing-military-press,,,Shoulders,Barbell
Power snatch-,https://www.bodybuilding.com/exercises/snatch,,,Quadriceps,Barbell
Sumo deadlift,https://www.bodybuilding.com/exercises/sumo-deadlift,,,Hamstrings,Barbell
Hang Clean,https://www.bodybuilding.com/exercises/hang-clean,,,Quadriceps,Barbell
Dumbbell V-Sit Cross Jab,https://www.bodybuilding.com/exercises/dumbbell-v-sit-cross-jab,,,Abdominals,Dumbbell
Reverse Band Box Squat,https://www.bodybuilding.com/exercises/reverse-band-box-squat,https://www.bodybuilding.com/exercises/exerciseImages/sequences/753/Male/m/753_2.jpg,,Quadriceps,
Standing palms-in shoulder press,https://www.bodybuilding.com/exercises/standing-palms-in-dumbbell-press,,,Shoulders,Dumbbell
Standing cable low-to-high twist,https://www.bodybuilding.com/exercises/standing-cable-lift,,,Abdominals,Cable
Decline EZ-bar skullcrusher,https://www.bodybuilding.com/exercises/decline-ez-bar-triceps-extension,https://www.bodybuilding.com/images/2020/xdb/cropped/xdb-47n-decline-ez-bar-skullcrusher-m1-square-600x600.jpg,https://www.bodybuilding.com/images/2020/xdb/cropped/xdb-47n-decline-ez-bar-skullcrusher-m2-square-600x600.jpg,Triceps,E-Z Curl Bar
Standing behind-the-back wrist curl,https://www.bodybuilding.com/exercises/standing-palms-up-barbell-behind-the-back-wrist-curl,https://www.bodybuilding.com/images/2020/xdb/cropped/xdb-14b-standing-behind-the-back-wrist-curl-m1-square-600x600.jpg,,Forearms,Barbell
Seated finger curl,https://www.bodybuilding.com/exercises/finger-curls,,,Forearms,Barbell
Wide-grip barbell curl,https://www.bodybuilding.com/exercises/wide-grip-standing-barbell-curl,,,Biceps,Barbell
Dumbbell spell caster,https://www.bodybuilding.com/exercises/spell-caster,,,Abdominals,Dumbbell
Dumbbell floor press,https://www.bodybuilding.com/exercises/dumbbell-floor-press,,,Triceps,Dumbbell
Lying Face Down Plate Neck Resistance,https://www.bodybuilding.com/exercises/lying-face-down-plate-neck-resistance,,,Neck,Other
Pullups,https://www.bodybuilding.com/exercises/pullups,,,Lats,Body Only
Decline reverse crunch,https://www.bodybuilding.com/exercises/decline-reverse-crunch,,,Abdominals,Other
Dumbbell Bench Press,https://www.bodybuilding.com/exercises/dumbbell-bench-press,,,Chest,Dumbbell
Jumping rope,https://www.bodybuilding.com/exercises/rope-jumping,,,Quadriceps,Body Only
Seated barbell shoulder press,https://www.bodybuilding.com/exercises/seated-barbell-military-press,,,Shoulders,Barbell
EZ-bar spider curl,https://www.bodybuilding.com/exercises/spider-curl,https://www.bodybuilding.com/images/2020/xdb/cropped/xdb-18n-barbell-spider-curl-m1-square-600x600.jpg,,Biceps,Barbell
Smith machine shrug,https://www.bodybuilding.com/exercises/smith-machine-shrug,,,Traps,Machine
Smith Machine Calf Raise,https://www.bodybuilding.com/exercises/smith-machine-calf-raise,,,Calves,Machine
Romanian Deadlift from Deficit,https://www.bodybuilding.com/exercises/romanian-deadlift-from-deficit,,,Hamstrings,Barbell
Power Snatch,https://www.bodybuilding.com/exercises/power-snatch,,,Hamstrings,Barbell
Pushups,https://www.bodybuilding.com/exercises/pushups,,,Chest,Body Only
Barbell walking lunge,https://www.bodybuilding.com/exercises/barbell-walking-lunge,,,Quadriceps,Barbell
Front Squats With Two Kettlebells,https://www.bodybuilding.com/exercises/front-squats-with-two-kettlebells,https://www.bodybuilding.com/exercises/exerciseImages/sequences/511/Male/m/511_1.jpg,https://www.bodybuilding.com/exercises/exerciseImages/sequences/511/Male/m/511_2.jpg,Quadriceps,Kettlebells
Spider crawl,https://www.bodybuilding.com/exercises/spider-crawl,,,Abdominals,Body Only
Power Clean from Blocks,https://www.bodybuilding.com/exercises/power-clean-from-blocks,,,Hamstrings,Barbell
Single Leg Push-off,https://www.bodybuilding.com/exercises/single-leg-push-off,,,Quadriceps,Other
Hip Circles (Prone),https://www.bodybuilding.com/exercises/hip-circles-prone,,,Abductors,
Reverse-grip bent-over row,https://www.bodybuilding.com/exercises/reverse-grip-bent-over-rows,,,Middle Back,Barbell
Seated Two-Arm Palms-Up Low-Pulley Wrist Curl,https://www.bodybuilding.com/exercises/seated-two-arm-palms-up-low-pulley-wrist-curl,,,Forearms,Cable
Back extension,https://www.bodybuilding.com/exercises/hyperextensions-back-extensions,,,Lower Back,Body Only
Close-grip bench press,https://www.bodybuilding.com/exercises/close-grip-barbell-bench-press,,,Chest,Barbell
Cocoons,https://www.bodybuilding.com/exercises/cocoons,,,Abdominals,Body Only
Cross-Body Crunch,https://www.bodybuilding.com/exercises/cross-body-crunch,,,Abdominals,Body Only
Dumbbell Flyes,https://www.bodybuilding.com/exercises/dumbbell-flyes,,,Chest,Dumbbell
Hammer Curls,https://www.bodybuilding.com/exercises/hammer-curls,https://www.bodybuilding.com/images/2020/xdb/cropped/xdb-7d-hammer-curl-m1-square-600x600.jpg,https://www.bodybuilding.com/images/2020/xdb/cropped/xdb-7d-hammer-curl-m2-square-600x600.jpg,Biceps,Dumbbell
Incline dumbbell bench press,https://www.bodybuilding.com/exercises/incline-dumbbell-press,https://www.bodybuilding.com/images/2020/xdb/cropped/xdb-3n-incline-dumbbell-bench-press-m1-square-600x600.jpg,https://www.bodybuilding.com/images/2020/xdb/cropped/xdb-3n-incline-dumbbell-bench-press-m2-square-600x600.jpg,Chest,Dumbbell
Low-cable cross-over,https://www.bodybuilding.com/exercises/low-cable-crossover,https://www.bodybuilding.com/images/2020/xdb/cropped/xdb-5c-low-cable-cross-over-m1-square-600x600.jpg,https://www.bodybuilding.com/images/2020/xdb/cropped/xdb-5c-low-cable-cross-over-m2-square-600x600.jpg,Chest,Cable
Single-arm high-cable side bend,https://www.bodybuilding.com/exercises/one-arm-high-pulley-cable-side-bends,https://www.bodybuilding.com/images/2020/xdb/cropped/2019-xdb-107c-single-arm-high-cable-side-bend-m1-600x600.jpg,https://www.bodybuilding.com/images/2020/xdb/cropped/2019-xdb-107c-single-arm-high-cable-side-bend-m2-600x600.jpg,Abdominals,Cable
Seated Dumbbell Press,https://www.bodybuilding.com/exercises/seated-dumbbell-press,https://www.bodybuilding.com/images/2020/xdb/cropped/xdb-50e-seated-dumbbell-shoulder-press-m1-square-600x600.jpg,,Shoulders,Dumbbell
Standing dumbbell shoulder press,https://www.bodybuilding.com/exercises/standing-dumbbell-press,https://www.bodybuilding.com/images/2020/xdb/cropped/xdb-104d-standing-dumbbell-shoulder-press-m1-square-600x600.jpg,,Shoulders,Dumbbell
Single Leg Push-off,https://www.bodybuilding.com/exercises/single-leg-push-off,https://www.bodybuilding.com/exercises/exerciseImages/sequences/818/Male/m/818_1.jpg,https://www.bodybuilding.com/exercises/exerciseImages/sequences/818/Male/m/818_2.jpg,Quadriceps,Other
Hip Circles (Prone),https://www.bodybuilding.com/exercises/hip-circles-prone,https://www.bodybuilding.com/images/2020/may/874_1.jpg,https://www.bodybuilding.com/images/2020/may/874_2.jpg,Abductors,
Reverse-grip bent-over row,https://www.bodybuilding.com/exercises/reverse-grip-bent-over-rows,https://www.bodybuilding.com/images/2020/xdb/cropped/xdb-02b-reverse-grip-bent-over-row-m1-square-600x600.jpg,https://www.bodybuilding.com/images/2020/xdb/cropped/xdb-02b-reverse-grip-bent-over-row-m2-square-600x600.jpg,Middle Back,Barbell
Seated Two-Arm Palms-Up Low-Pulley Wrist Curl,https://www.bodybuilding.com/exercises/seated-two-arm-palms-up-low-pulley-wrist-curl,https://www.bodybuilding.com/exercises/exerciseImages/sequences/7/Male/m/7_1.jpg,https://www.bodybuilding.com/exercises/exerciseImages/sequences/7/Male/m/7_2.jpg,Forearms,Cable
Back extension,https://www.bodybuilding.com/exercises/hyperextensions-back-extensions,https://www.bodybuilding.com/images/2020/xdb/cropped/xdb-16m-back-extension-m1-square-600x600.jpg,https://www.bodybuilding.com/images/2020/xdb/cropped/xdb-16m-back-extension-m2-square-600x600.jpg,Lower Back,Body Only
Close-grip bench press,https://www.bodybuilding.com/exercises/close-grip-barbell-bench-press,https://www.bodybuilding.com/images/2020/xdb/cropped/xdb-82e-close-grip-bench-press-m1-square-600x600.jpg,https://www.bodybuilding.com/images/2020/xdb/cropped/xdb-82e-close-grip-bench-press-m2-square-600x600.jpg,Chest,Barbell
Cocoons,https://www.bodybuilding.com/exercises/cocoons,https://www.bodybuilding.com/images/2020/xdb/cropped/xdb-170a-cocoon-crunch-m1-square-600x600.jpg,https://www.bodybuilding.com/images/2020/xdb/cropped/xdb-170a-cocoon-crunch-m2-square-600x600.jpg,Abdominals,Body Only
Cross-Body Crunch,https://www.bodybuilding.com/exercises/cross-body-crunch,https://www.bodybuilding.com/images/2020/xdb/cropped/xdb-176a-elbow-to-knee-crunch-m1-square-600x600.jpg,https://www.bodybuilding.com/images/2020/xdb/cropped/xdb-176a-elbow-to-knee-crunch-m2-square-600x600.jpg,Abdominals,Body Only
Dumbbell Flyes,https://www.bodybuilding.com/exercises/dumbbell-flyes,https://www.bodybuilding.com/images/2020/xdb/cropped/xdb-31e-dumbbell-chest-fly-m1-square-600x600.jpg,,Chest,Dumbbell
Hammer Curls,https://www.bodybuilding.com/exercises/hammer-curls,,,Biceps,Dumbbell
Incline dumbbell bench press,https://www.bodybuilding.com/exercises/incline-dumbbell-press,https://www.bodybuilding.com/images/2020/xdb/cropped/xdb-3n-incline-dumbbell-bench-press-m2-square-600x600.jpg,,Chest,Dumbbell
Seated Dumbbell Press,https://www.bodybuilding.com/exercises/seated-dumbbell-press,https://www.bodybuilding.com/images/2020/xdb/cropped/xdb-50e-seated-dumbbell-shoulder-press-m1-square-600x600.jpg,https://www.bodybuilding.com/images/2020/xdb/cropped/xdb-50e-seated-dumbbell-shoulder-press-m2-square-600x600.jpg,Shoulders,Dumbbell
Standing dumbbell shoulder press,https://www.bodybuilding.com/exercises/standing-dumbbell-press,https://www.bodybuilding.com/images/2020/xdb/cropped/xdb-104d-standing-dumbbell-shoulder-press-m1-square-600x600.jpg,https://www.bodybuilding.com/images/2020/xdb/cropped/xdb-104d-standing-dumbbell-shoulder-press-m2-square-600x600.jpg,Shoulders,Dumbbell
EZ-Bar Curl,https://www.bodybuilding.com/exercises/ez-bar-curl,https://www.bodybuilding.com/images/2020/xdb/cropped/2020-xdb-46s-standing-ez-bar-curl-m1-crop-600x600.jpg,,Biceps,E-Z Curl Bar
Olympic Squat,https://www.bodybuilding.com/exercises/olympic-squat-,,,Quadriceps,Barbell
Natural Glute Ham Raise,https://www.bodybuilding.com/exercises/natural-glute-ham-raise,,,Hamstrings,Body Only
Axle Deadlift,https://www.bodybuilding.com/exercises/axle-deadlift,,,Lower Back,Other
Zottman Curl,https://www.bodybuilding.com/exercises/zottman-curl,,,Biceps,
Glute ham raise-,https://www.bodybuilding.com/exercises/floor-glute-ham-raise,,,Hamstrings,None
Single-arm lateral raise,https://www.bodybuilding.com/exercises/one-arm-side-laterals,,,Shoulders,Dumbbell
Power Partials,https://www.bodybuilding.com/exercises/power-partials,,,Shoulders,Dumbbell
Leverage Shrug,https://www.bodybuilding.com/exercises/leverage-shrug,https://www.bodybuilding.com/exercises/exerciseImages/sequences/898/Male/m/898_1.jpg,https://www.bodybuilding.com/images/2020/xdb/898_2.jpg,Traps,Machine
Cable V-bar push-down,https://www.bodybuilding.com/exercises/triceps-pushdown-v-bar-attachment,https://www.bodybuilding.com/images/2020/xdb/cropped/xdb-17c-cable-v-bar-push-down-m1-square-600x600.jpg,https://www.bodybuilding.com/images/2020/xdb/cropped/xdb-17c-cable-v-bar-push-down-m2-square-600x600.jpg,Triceps,Cable
Wrist Roller,https://www.bodybuilding.com/exercises/wrist-roller,https://www.bodybuilding.com/exercises/exerciseImages/sequences/142/Male/m/142_1.jpg,https://www.bodybuilding.com/exercises/exerciseImages/sequences/142/Male/m/142_2.jpg,Forearms,Other
Incline dumbbell reverse fly,https://www.bodybuilding.com/exercises/reverse-flyes,https://www.bodybuilding.com/images/2020/xdb/cropped/2020-xdb-13n-incline-dumbbell-reverse-fly-m1-crop-600x600.jpg,,Shoulders,Dumbbell
Stair climber,https://www.bodybuilding.com/exercises/step-mill,,,Quadriceps,Machine
Elbow-to-knee crunch,https://www.bodybuilding.com/exercises/elbow-to-knee,https://www.bodybuilding.com/images/2020/xdb/cropped/xdb-176a-elbow-to-knee-crunch-m1-square-600x600.jpg,https://www.bodybuilding.com/images/2020/xdb/cropped/xdb-176a-elbow-to-knee-crunch-m2-square-600x600.jpg,Abdominals,Body Only
Kettlebell Pistol Squat,https://www.bodybuilding.com/exercises/kettlebell-pistol-squat,https://www.bodybuilding.com/exercises/exerciseImages/sequences/521/Male/m/521_2.jpg,,Quadriceps,Kettlebells
Overhead dumbbell front raise,https://www.bodybuilding.com/exercises/standing-dumbbell-straight-arm-front-delt-raise-above-head,https://www.bodybuilding.com/images/2020/xdb/cropped/xdb-17d-overhead-dumbbell-front-raise-m1-square-600x600.jpg,,Shoulders,Dumbbell
Biceps curl to shoulder press,https://www.bodybuilding.com/exercises/biceps-curl-to-shoulder-press,,,Biceps,Dumbbell
Weighted bench dip,https://www.bodybuilding.com/exercises/weighted-bench-dip,,,Triceps,Body Only
Barbell Hip Thrust,https://www.bodybuilding.com/exercises/barbell-hip-thrust,,,Glutes,Barbell
Forward lunge,https://www.bodybuilding.com/exercises/bodyweight-lunge,,,Quadriceps,Body Only
Barbell Bench Press - Medium Grip,https://www.bodybuilding.com/exercises/barbell-bench-press-medium-grip,,,Chest,Barbell
Chest dip,https://www.bodybuilding.com/exercises/dips-chest-version,,,Chest,Other
Seated dumbbell shoulder press,https://www.bodybuilding.com/exercises/dumbbell-shoulder-press,https://www.bodybuilding.com/images/2020/xdb/cropped/xdb-50e-seated-dumbbell-shoulder-press-m1-square-600x600.jpg,https://www.bodybuilding.com/images/2020/xdb/cropped/xdb-50e-seated-dumbbell-shoulder-press-m2-square-600x600.jpg,Shoulders,Dumbbell
Barbell Curl,https://www.bodybuilding.com/exercises/barbell-curl,,,Biceps,Barbell
EZ-Bar Skullcrusher,https://www.bodybuilding.com/exercises/ez-bar-skullcrusher,https://www.bodybuilding.com/images/2020/xdb/cropped/xdb-94s-ez-bar-skullcrusher-m1-square-600x600.jpg,https://www.bodybuilding.com/images/2020/xdb/cropped/xdb-94s-ez-bar-skullcrusher-m2-square-600x600.jpg,Triceps,E-Z Curl Bar
One-Arm Dumbbell Row,https://www.bodybuilding.com/exercises/one-arm-dumbbell-row,https://www.bodybuilding.com/images/2020/xdb/cropped/xdb-13e-single-arm-bench-dumbbell-row-m1-square-600x600.jpg,https://www.bodybuilding.com/images/2020/xdb/cropped/xdb-13e-single-arm-bench-dumbbell-row-m2-square-600x600.jpg,Middle Back,Dumbbell
Alternating standing shoulder press,https://www.bodybuilding.com/exercises/standing-alternating-dumbbell-press,https://www.bodybuilding.com/images/2020/xdb/cropped/xdb-93d-alternating-standing-shoulder-press-m1-square-600x600.jpg,https://www.bodybuilding.com/images/2020/xdb/cropped/xdb-93d-alternating-standing-shoulder-press-m3-square-600x600.jpg,Shoulders,Dumbbell
Concentration curl,https://www.bodybuilding.com/exercises/concentration-curls,https://www.bodybuilding.com/images/2020/xdb/cropped/xdb-8e-concentration-curl-m1-square-600x600.jpg,,Biceps,Dumbbell
Decline Crunch,https://www.bodybuilding.com/exercises/decline-crunch,,,Abdominals,Body Only
Decline Dumbbell Flyes,https://www.bodybuilding.com/exercises/decline-dumbbell-flyes,https://www.bodybuilding.com/images/2020/xdb/cropped/xdb-31n-decline-dumbbell-chest-fly-m2-square-600x600.jpg,,Chest,Dumbbell
Single-arm incline rear delt raise,https://www.bodybuilding.com/exercises/dumbbell-lying-one-arm-rear-lateral-raise,,,Shoulders,Dumbbell
Alternating dumbbell front raise,https://www.bodybuilding.com/exercises/front-dumbbell-raise,,,Shoulders,Dumbbell
Hanging toes-to-bar,https://www.bodybuilding.com/exercises/hanging-pike,,,Abdominals,Body Only
Narrow-stance squat,https://www.bodybuilding.com/exercises/narrow-stance-squats,,,Quadriceps,Barbell
Kneeling cable oblique crunch,https://www.bodybuilding.com/exercises/oblique-cable-crunch,,,Abdominals,Cable
Reverse Grip Triceps Pushdown,https://www.bodybuilding.com/exercises/reverse-grip-triceps-pushdown,https://www.bodybuilding.com/images/2020/xdb/cropped/xdb-19c-reverse-grip-cable-straight-bar-push-down-m2-square-600x600.jpg,,Triceps,Cable
Bear crawl sled drag,https://www.bodybuilding.com/exercises/bear-crawl-sled-drags-,,,Quadriceps,Other
Rocky Pull-Ups/Pulldowns,https://www.bodybuilding.com/exercises/rocky-pull-upspulldowns,,,Lats,Other
Snatch-Grip Behind-The-Neck Overhead Press,https://www.bodybuilding.com/exercises/snatch-grip-behind-the-neck-overhead-press,https://www.bodybuilding.com/exercises/exerciseImages/sequences/4571/Male/m/4571_1.jpg,https://www.bodybuilding.com/exercises/exerciseImages/sequences/4571/Male/m/4571_2.jpg,Shoulders,Barbell
Box Squat with Bands,https://www.bodybuilding.com/exercises/box-squat-with-bands,https://www.bodybuilding.com/exercises/exerciseImages/sequences/666/Male/m/666_1.jpg,https://www.bodybuilding.com/exercises/exerciseImages/sequences/666/Male/m/666_2.jpg,Quadriceps,Barbell
Flexor Incline Dumbbell Curls,https://www.bodybuilding.com/exercises/flexor-incline-dumbbell-curls,https://www.bodybuilding.com/exercises/exerciseImages/sequences/285/Male/m/285_1.jpg,,Biceps,Dumbbell
Seated One-Arm Dumbbell Palms-Up Wrist Curl,https://www.bodybuilding.com/exercises/seated-one-arm-dumbbell-palms-up-wrist-curl,https://www.bodybuilding.com/exercises/exerciseImages/sequences/386/Male/m/386_1.jpg,,Forearms,Dumbbell
Thigh adductor,https://www.bodybuilding.com/exercises/thigh-adductor,,,Adductors,Machine
Machine Bicep Curl,https://www.bodybuilding.com/exercises/machine-bicep-curl,https://www.bodybuilding.com/exercises/exerciseImages/sequences/899/Male/m/899_2.jpg,,Biceps,Machine
Seated Palms-Down Barbell Wrist Curl,https://www.bodybuilding.com/exercises/seated-palms-down-barbell-wrist-curl,https://www.bodybuilding.com/exercises/exerciseImages/sequences/389/Male/m/389_1.jpg,https://www.bodybuilding.com/exercises/exerciseImages/sequences/389/Male/m/389_2.jpg,Forearms,
Single-arm incline rear delt raise,https://www.bodybuilding.com/exercises/dumbbell-lying-one-arm-rear-lateral-raise,https://www.bodybuilding.com/images/2020/xdb/cropped/xdb-14n-single-arm-incline-rear-delt-raise-m1-square-600x600.jpg,https://www.bodybuilding.com/images/2020/xdb/cropped/xdb-14n-single-arm-incline-rear-delt-raise-m2-square-600x600.jpg,Shoulders,Dumbbell
Alternating dumbbell front raise,https://www.bodybuilding.com/exercises/front-dumbbell-raise,https://www.bodybuilding.com/images/2020/xdb/cropped/xdb-14d-alternating-dumbbell-front-raise-m1-square-600x600.jpg,https://www.bodybuilding.com/images/2020/xdb/cropped/xdb-14d-alternating-dumbbell-front-raise-m2-square-600x600.jpg,Shoulders,Dumbbell
Hanging toes-to-bar,https://www.bodybuilding.com/exercises/hanging-pike,https://www.bodybuilding.com/images/2020/xdb/cropped/2019-xdb-128c-hanging-toes-to-bar-m1-600x600.jpg,https://www.bodybuilding.com/images/2020/xdb/cropped/2019-xdb-128c-hanging-toes-to-bar-m2-600x600.jpg,Abdominals,Body Only
Narrow-stance squat,https://www.bodybuilding.com/exercises/narrow-stance-squats,https://www.bodybuilding.com/images/2020/xdb/cropped/xdb-30a-narrow-stance-squat-m1-square-600x600.jpg,https://www.bodybuilding.com/images/2020/xdb/cropped/xdb-30a-narrow-stance-squat-m2-square-600x600.jpg,Quadriceps,Barbell
Kneeling cable oblique crunch,https://www.bodybuilding.com/exercises/oblique-cable-crunch,https://www.bodybuilding.com/images/2020/xdb/cropped/xdb-36c-kneeling-cable-oblique-crunch-m1-square-600x600.jpg,https://www.bodybuilding.com/images/2020/xdb/cropped/xdb-36c-kneeling-cable-oblique-crunch-m2-square-600x600.jpg,Abdominals,Cable
Reverse Grip Triceps Pushdown,https://www.bodybuilding.com/exercises/reverse-grip-triceps-pushdown,https://www.bodybuilding.com/images/2020/xdb/cropped/xdb-19c-reverse-grip-cable-straight-bar-push-down-m1-square-600x600.jpg,https://www.bodybuilding.com/images/2020/xdb/cropped/xdb-19c-reverse-grip-cable-straight-bar-push-down-m2-square-600x600.jpg,Triceps,Cable
Bear crawl sled drag,https://www.bodybuilding.com/exercises/bear-crawl-sled-drags-,https://www.bodybuilding.com/images/2020/xdb/cropped/2020-xdb-153s-bear-crawl-sled-drag-m1-crop-600x600.jpg,https://www.bodybuilding.com/images/2020/xdb/cropped/2020-xdb-153s-bear-crawl-sled-drag-m4-crop-600x600.jpg,Quadriceps,Other
Rocky Pull-Ups/Pulldowns,https://www.bodybuilding.com/exercises/rocky-pull-upspulldowns,https://www.bodybuilding.com/exercises/exerciseImages/sequences/279/Male/m/279_1.jpg,https://www.bodybuilding.com/exercises/exerciseImages/sequences/279/Male/m/279_2.jpg,Lats,Other
Snatch-Grip Behind-The-Neck Overhead Press,https://www.bodybuilding.com/exercises/snatch-grip-behind-the-neck-overhead-press,,,Shoulders,Barbell
Box Squat with Bands,https://www.bodybuilding.com/exercises/box-squat-with-bands,,,Quadriceps,Barbell
Flexor Incline Dumbbell Curls,https://www.bodybuilding.com/exercises/flexor-incline-dumbbell-curls,,,Biceps,Dumbbell
Seated One-Arm Dumbbell Palms-Up Wrist Curl,https://www.bodybuilding.com/exercises/seated-one-arm-dumbbell-palms-up-wrist-curl,,,Forearms,Dumbbell
Machine Bicep Curl,https://www.bodybuilding.com/exercises/machine-bicep-curl,,,Biceps,Machine
Seated Palms-Down Barbell Wrist Curl,https://www.bodybuilding.com/exercises/seated-palms-down-barbell-wrist-curl,,,Forearms,
Car driver,https://www.bodybuilding.com/exercises/car-drivers,,,Shoulders,Other
Alternating Deltoid Raise,https://www.bodybuilding.com/exercises/alternating-deltoid-raise,,,Shoulders,Dumbbell
Hanging Oblique Knee Raise,https://www.bodybuilding.com/exercises/hanging-oblique-knee-raise,https://www.bodybuilding.com/images/2020/xdb/cropped/2019-xdb-120c-hanging-oblique-crunch-m1-600x600.jpg,https://www.bodybuilding.com/images/2020/xdb/cropped/2019-xdb-120c-hanging-oblique-crunch-m2-600x600.jpg,Abdominals,Body Only
Bodyweight Flyes,https://www.bodybuilding.com/exercises/bodyweight-flyes,https://www.bodybuilding.com/images/2020/xdb/cropped/2019-xdb-182s-double-bar-roll-out-chest-fly-m1-600x600.jpg,https://www.bodybuilding.com/images/2020/xdb/cropped/2019-xdb-182s-double-bar-roll-out-chest-fly-m2-600x600.jpg,Chest,E-Z Curl Bar
Standing Calf Raises,https://www.bodybuilding.com/exercises/standing-calf-raises,https://www.bodybuilding.com/images/2020/xdb/cropped/xdb-117s-standing-calf-raise-m1-square-600x600.jpg,https://www.bodybuilding.com/images/2020/xdb/cropped/xdb-117s-standing-calf-raise-m2-square-600x600.jpg,Calves,Machine
Push-Ups - Close Triceps Position,https://www.bodybuilding.com/exercises/push-ups-close-triceps-position,https://www.bodybuilding.com/images/2020/xdb/cropped/xdb-104a-close-push-up-m1-square-600x600.jpg,https://www.bodybuilding.com/images/2020/xdb/cropped/xdb-104a-close-push-up-m2-square-600x600.jpg,Triceps,Body Only
One-Arm Long Bar Row,https://www.bodybuilding.com/exercises/one-arm-long-bar-row,https://www.bodybuilding.com/images/2020/xdb/cropped/xdb-124s-single-arm-landmine-bent-over-row-m1-square-600x600.jpg,https://www.bodybuilding.com/images/2020/xdb/cropped/xdb-124s-single-arm-landmine-bent-over-row-m3-square-600x600.jpg,Middle Back,Barbell
Overhead cable curl,https://www.bodybuilding.com/exercises/overhead-cable-curl,,,Biceps,Cable
Single-dumbbell front raise,https://www.bodybuilding.com/exercises/single-dumbbell-raise,https://www.bodybuilding.com/images/2020/xdb/cropped/xdb-18d-single-dumbbell-front-raise-m1-square-600x600.jpg,https://www.bodybuilding.com/images/2020/xdb/cropped/xdb-18d-single-dumbbell-front-raise-m2-square-600x600.jpg,Shoulders,Dumbbell
Incline cable chest fly,https://www.bodybuilding.com/exercises/incline-cable-flye,https://www.bodybuilding.com/images/2020/xdb/cropped/xdb-10c-incline-cable-chest-fly-m1-square-600x600.jpg,https://www.bodybuilding.com/images/2020/xdb/cropped/xdb-10c-incline-cable-chest-fly-m2-square-600x600.jpg,Chest,Cable
Single-leg depth squat,https://www.bodybuilding.com/exercises/single-leg-high-box-squat,https://www.bodybuilding.com/images/2020/xdb/cropped/xdb-68e-single-leg-depth-squat-m1-square-600x600.jpg,https://www.bodybuilding.com/images/2020/xdb/cropped/xdb-68e-single-leg-depth-squat-m4-square-600x600.jpg,Quadriceps,Bands
Dumbbell suitcase crunch,https://www.bodybuilding.com/exercises/weighted-suitcase-crunch,https://www.bodybuilding.com/images/2020/xdb/cropped/xdb-50d-dumbbell-suitcase-crunch-m1-square-600x600.jpg,https://www.bodybuilding.com/images/2020/xdb/cropped/xdb-50d-dumbbell-suitcase-crunch-m2-square-600x600.jpg,Abdominals,Medicine Ball
Plate Twist,https://www.bodybuilding.com/exercises/plate-twist,https://www.bodybuilding.com/exercises/exerciseImages/sequences/106/Male/m/106_1.jpg,https://www.bodybuilding.com/exercises/exerciseImages/sequences/106/Male/m/106_2.jpg,Abdominals,Other
Single-leg cable hip extension,https://www.bodybuilding.com/exercises/one-legged-cable-kickback,https://www.bodybuilding.com/images/2020/xdb/cropped/xdb-43c-single-leg-cable-hip-extension-m1-square-600x600.jpg,https://www.bodybuilding.com/images/2020/xdb/cropped/xdb-43c-single-leg-cable-hip-extension-m2-square-600x600.jpg,Glutes,Cable
Weighted Jump Squat,https://www.bodybuilding.com/exercises/weighted-jump-squat-,https://www.bodybuilding.com/exercises/exerciseImages/sequences/887/Male/m/887_1.jpg,https://www.bodybuilding.com/exercises/exerciseImages/sequences/887/Male/m/887_2.jpg,Quadriceps,Barbell
Squat with Chains,https://www.bodybuilding.com/exercises/squat-with-chains,,,Quadriceps,Barbell
Gorilla Chin/Crunch,https://www.bodybuilding.com/exercises/gorilla-chincrunch,,,Abdominals,Body Only
Kneeling cable triceps extension,https://www.bodybuilding.com/exercises/kneeling-cable-triceps-extension,,,Triceps,Cable
Kneeling Cable Crunch With Alternating Oblique Twists,https://www.bodybuilding.com/exercises/kneeling-cable-crunch-with-alternating-oblique-twists,,,Abdominals,Cables
Bicycling,https://www.bodybuilding.com/exercises/bicycling,,,Quadriceps,Other
Arnold press,https://www.bodybuilding.com/exercises/arnold-dumbbell-press,,,Shoulders,Dumbbell
Weighted Crunches,https://www.bodybuilding.com/exercises/weighted-crunches,https://www.bodybuilding.com/images/2020/xdb/cropped/xdb-50d-dumbbell-suitcase-crunch-m1-square-600x600.jpg,https://www.bodybuilding.com/images/2020/xdb/cropped/xdb-50d-dumbbell-suitcase-crunch-m2-square-600x600.jpg,Abdominals,Other
Single-arm cable triceps extension,https://www.bodybuilding.com/exercises/cable-one-arm-tricep-extension,https://www.bodybuilding.com/images/2020/xdb/cropped/xdb-31c-single-arm-cable-triceps-extension-m1-square-600x600.jpg,https://www.bodybuilding.com/images/2020/xdb/cropped/xdb-31c-single-arm-cable-triceps-extension-m2-square-600x600.jpg,Triceps,Cable
Barbell roll-out,https://www.bodybuilding.com/exercises/barbell-ab-rollout,https://www.bodybuilding.com/images/2020/xdb/cropped/xdb-48b-barbell-roll-out-m1-square-600x600.jpg,https://www.bodybuilding.com/images/2020/xdb/cropped/xdb-48b-barbell-roll-out-m2-square-600x600.jpg,Abdominals,Barbell
Kneeling cable crunch,https://www.bodybuilding.com/exercises/cable-crunch,https://www.bodybuilding.com/images/2020/xdb/cropped/xdb-35c-kneeling-cable-crunch-m1-square-600x600.jpg,https://www.bodybuilding.com/images/2020/xdb/cropped/xdb-35c-kneeling-cable-crunch-m2-square-600x600.jpg,Abdominals,Cable
Exercise Ball Pull-In,https://www.bodybuilding.com/exercises/exercise-ball-pull-in,,,Abdominals,Exercise Ball
Hanging leg raise,https://www.bodybuilding.com/exercises/hanging-leg-raise,https://www.bodybuilding.com/images/2020/xdb/cropped/xdb-9m-hanging-leg-raise-m1-square-600x600.jpg,https://www.bodybuilding.com/images/2020/xdb/cropped/xdb-9m-hanging-leg-raise-m2-square-600x600.jpg,Abdominals,Body Only
Barbell Ab Rollout - On Knees,https://www.bodybuilding.com/exercises/barbell-ab-rollout-on-knees,https://www.bodybuilding.com/images/2020/xdb/cropped/xdb-48b-barbell-roll-out-m1-square-600x600.jpg,https://www.bodybuilding.com/images/2020/xdb/cropped/xdb-48b-barbell-roll-out-m2-square-600x600.jpg,Abdominals,Barbell
Barbell Squat,https://www.bodybuilding.com/exercises/barbell-squat,https://www.bodybuilding.com/images/2020/xdb/cropped/xdb-50b-barbell-back-squat-m1-square-600x600.jpg,https://www.bodybuilding.com/images/2020/xdb/cropped/xdb-50b-barbell-back-squat-m2-square-600x600.jpg,Quadriceps,Barbell
Decline barbell bench press,https://www.bodybuilding.com/exercises/decline-barbell-bench-press,https://www.bodybuilding.com/images/2020/xdb/cropped/xdb-34n-decline-barbell-bench-press-m1-square-600x600.jpg,https://www.bodybuilding.com/images/2020/xdb/cropped/xdb-34n-decline-barbell-bench-press-m2-square-600x600.jpg,Chest,Barbell
Dumbbell Bicep Curl,https://www.bodybuilding.com/exercises/dumbbell-bicep-curl,,,Biceps,Dumbbell
Dumbbell Goblet Squat,https://www.bodybuilding.com/exercises/dumbbell-goblet-squat,,,Quadriceps,Dumbbell
Dumbbell squat,https://www.bodybuilding.com/exercises/dumbbell-squat,,,Quadriceps,Dumbbell
Barbell front squat,https://www.bodybuilding.com/exercises/front-barbell-squat,https://www.bodybuilding.com/images/2020/xdb/cropped/xdb-51b-barbell-front-squat-m1-square-600x600.jpg,https://www.bodybuilding.com/images/2020/xdb/cropped/xdb-51b-barbell-front-squat-m2-square-600x600.jpg,Quadriceps,Barbell
Close-grip pull-down,https://www.bodybuilding.com/exercises/v-bar-pulldown,,,Lats,Cable
Triceps Pushdown - Rope Attachment,https://www.bodybuilding.com/exercises/triceps-pushdown-rope-attachment,,,Triceps,Cables
Side-to-side box skip,https://www.bodybuilding.com/exercises/side-to-side-box-shuffle,https://www.bodybuilding.com/images/2020/xdb/cropped/xdb-69e-side-to-side-box-skip-m1-square-600x600.jpg,https://www.bodybuilding.com/images/2020/xdb/cropped/xdb-69e-side-to-side-box-skip-m3-square-600x600.jpg,Quadriceps,Body Only
Smith machine shoulder press,https://www.bodybuilding.com/exercises/smith-machine-overhead-shoulder-press,https://www.bodybuilding.com/images/2020/xdb/cropped/xdb-alt-31t-smith-machine-shoulder-press-m1-square-600x600.jpg,,Shoulders,Machine
Seated triceps press,https://www.bodybuilding.com/exercises/seated-triceps-press,,,Triceps,Dumbbell
Dumbbell Lying Supination,https://www.bodybuilding.com/exercises/dumbbell-lying-supination,,,Forearms,
Pull-up,https://www.bodybuilding.com/exercises/wide-grip-pull-up,https://www.bodybuilding.com/images/2020/xdb/cropped/xdb-92c-pull-up-m1-square-600x600.jpg,https://www.bodybuilding.com/images/2020/xdb/cropped/xdb-92c-pull-up-m2-square-600x600.jpg,Lats,Body Only
Wide-grip bench press,https://www.bodybuilding.com/exercises/wide-grip-barbell-bench-press,https://www.bodybuilding.com/images/2020/xdb/cropped/xdb-84e-wide-grip-bench-press-m1-square-600x600.jpg,https://www.bodybuilding.com/images/2020/xdb/cropped/xdb-84e-wide-grip-bench-press-m2-square-600x600.jpg,Chest,Barbell
Close-grip EZ-bar curl,https://www.bodybuilding.com/exercises/close-grip-ez-bar-curl,https://www.bodybuilding.com/images/2020/xdb/cropped/xdb-47s-close-grip-ez-bar-curl-m1-square-600x600.jpg,https://www.bodybuilding.com/images/2020/xdb/cropped/xdb-47s-close-grip-ez-bar-curl-m2-square-600x600.jpg,Biceps,Barbell
T-Bar Row,https://www.bodybuilding.com/exercises/t-bar-row,https://www.bodybuilding.com/images/2020/xdb/3381_1.jpg,https://www.bodybuilding.com/images/2020/xdb/3381_2.jpg,Middle Back,Other
Bent Over Two-Arm Long Bar Row,https://www.bodybuilding.com/exercises/bent-over-two-arm-long-bar-row,https://www.bodybuilding.com/exercises/exerciseImages/sequences/18/Male/m/18_1.jpg,https://www.bodybuilding.com/exercises/exerciseImages/sequences/18/Male/m/18_2.jpg,Middle Back,Barbell
Muscle Up,https://www.bodybuilding.com/exercises/muscle-up,,,Lats,Body Only
Machine shoulder press,https://www.bodybuilding.com/exercises/leverage-shoulder-press,,,Shoulders,Machine
Incline EZ-bar skullcrusher,https://www.bodybuilding.com/exercises/incline-barbell-triceps-extension,,,Triceps,Barbell
Alternating sit-through with crunch,https://www.bodybuilding.com/exercises/bent-over-one-arm-long-bar-row,https://www.bodybuilding.com/images/2020/xdb/cropped/xdb-124s-single-arm-landmine-bent-over-row-m1-square-600x600.jpg,https://www.bodybuilding.com/images/2020/xdb/cropped/xdb-124s-single-arm-landmine-bent-over-row-m3-square-600x600.jpg,Middle Back,Other
Wide-Grip Decline Barbell Bench Press,https://www.bodybuilding.com/exercises/wide-grip-decline-barbell-bench-press,,,Chest,Barbell
Rower,https://www.bodybuilding.com/exercises/rowing-stationary,,,Middle Back,Machine
Snatch Deadlift,https://www.bodybuilding.com/exercises/snatch-deadlift,,,Hamstrings,Barbell
Front Plate Raise,https://www.bodybuilding.com/exercises/front-plate-raise,,,Shoulders,Other
Decline Close-Grip Bench To Skull Crusher,https://www.bodybuilding.com/exercises/decline-close-grip-bench-to-skull-crusher,https://www.bodybuilding.com/exercises/exerciseImages/sequences/288/Male/m/288_1.jpg,https://www.bodybuilding.com/exercises/exerciseImages/sequences/288/Male/m/288_2.jpg,Triceps,Barbell
Lying Leg Curls,https://www.bodybuilding.com/exercises/lying-leg-curls,https://www.bodybuilding.com/images/2020/xdb/cropped/xdb-20m-lying-leg-curl-m1-square-600x600.jpg,https://www.bodybuilding.com/images/2020/xdb/cropped/xdb-20m-lying-leg-curl-m2-square-600x600.jpg,Hamstrings,Machine
Cross-body hammer curl,https://www.bodybuilding.com/exercises/cross-body-hammer-curl,https://www.bodybuilding.com/images/2020/xdb/cropped/xdb-4d-cross-body-hammer-curl-m1-square-600x600.jpg,https://www.bodybuilding.com/images/2020/xdb/cropped/xdb-4d-cross-body-hammer-curl-m2-square-600x600.jpg,Biceps,Dumbbell
Shotgun row,https://www.bodybuilding.com/exercises/shotgun-row,https://www.bodybuilding.com/images/2020/xdb/cropped/xdb-37c-shotgun-row-m1-square-600x600.jpg,https://www.bodybuilding.com/images/2020/xdb/cropped/xdb-37c-shotgun-row-m2-square-600x600.jpg,Lats,Cable
Ab Roller,https://www.bodybuilding.com/exercises/ab-roller,https://www.bodybuilding.com/images/2020/xdb/cropped/xdb-2s-ab-wheel-roll-out-m1-square-600x600.jpg,https://www.bodybuilding.com/images/2020/xdb/cropped/xdb-2s-ab-wheel-roll-out-m2-square-600x600.jpg,Abdominals,Other
Reverse-grip incline dumbbell bench press,https://www.bodybuilding.com/exercises/incline-dumbbell-press-reverse-grip,https://www.bodybuilding.com/images/2020/xdb/cropped/xdb-4n-reverse-grip-incline-dumbbell-bench-press-m1-square-600x600.jpg,https://www.bodybuilding.com/images/2020/xdb/cropped/xdb-4n-reverse-grip-incline-dumbbell-bench-press-m2-square-600x600.jpg,Chest,Dumbbell
Leg Press,https://www.bodybuilding.com/exercises/leg-press,https://www.bodybuilding.com/images/2020/xdb/cropped/xdb-44m-leg-press-m1-square-600x600.jpg,https://www.bodybuilding.com/images/2020/xdb/cropped/xdb-44m-leg-press-m2-square-600x600.jpg,Quadriceps,Machine
Stiff-Legged Dumbbell Deadlift,https://www.bodybuilding.com/exercises/stiff-legged-dumbbell-deadlift,https://www.bodybuilding.com/images/2020/xdb/cropped/xdb-9d-dumbbell-stiff-legged-deadlift-m1-square-600x600.jpg,https://www.bodybuilding.com/images/2020/xdb/cropped/xdb-9d-dumbbell-stiff-legged-deadlift-m2-square-600x600.jpg,Hamstrings,Dumbbell
Cable Crossover,https://www.bodybuilding.com/exercises/cable-crossover,,,Chest,Cable
Barbell Incline Bench Press Medium-Grip,https://www.bodybuilding.com/exercises/barbell-incline-bench-press-medium-grip,,,Chest,Barbell
Incline Dumbbell Flyes,https://www.bodybuilding.com/exercises/incline-dumbbell-flyes,,,Chest,Dumbbell
Seated Cable Rows,https://www.bodybuilding.com/exercises/seated-cable-rows,,,Middle Back,Cable
Tricep Dumbbell Kickback,https://www.bodybuilding.com/exercises/tricep-dumbbell-kickback,https://www.bodybuilding.com/images/2020/xdb/cropped/xdb-76d-single-arm-triceps-kick-back-m2-square-600x600.jpg,https://www.bodybuilding.com/images/2020/xdb/cropped/xdb-76d-single-arm-triceps-kick-back-m3-square-600x600.jpg,Triceps,Dumbbell
Otis-Up,https://www.bodybuilding.com/exercises/otis-up,,,Abdominals,Other
Mountain climber,https://www.bodybuilding.com/exercises/mountain-climbers,https://www.bodybuilding.com/images/2020/xdb/cropped/xdb-201a-mountain-climber-m1-square-600x600.jpg,https://www.bodybuilding.com/images/2020/xdb/cropped/xdb-201a-mountain-climber-m3-square-600x600.jpg,Abdominals,Body Only
Ab bicycle,https://www.bodybuilding.com/exercises/air-bike,https://www.bodybuilding.com/images/2020/xdb/cropped/xdb-73a-ab-cycle-m2-square-600x600.jpg,https://www.bodybuilding.com/images/2020/xdb/cropped/xdb-73a-ab-cycle-m3-square-600x600.jpg,Abdominals,Body Only
Barbell forward lunge,https://www.bodybuilding.com/exercises/barbell-lunge,https://www.bodybuilding.com/images/2020/xdb/cropped/xdb-43b-barbell-forward-lunge-m1-square-600x600.jpg,https://www.bodybuilding.com/images/2020/xdb/cropped/xdb-43b-barbell-forward-lunge-m2-square-600x600.jpg,Quadriceps,Barbell
3/4 sit-up,https://www.bodybuilding.com/exercises/34-sit-up,https://www.bodybuilding.com/images/2020/xdb/cropped/xdb-149a-34-sit-up-m1-square-600x600.jpg,https://www.bodybuilding.com/images/2020/xdb/cropped/xdb-149a-34-sit-up-m3-square-600x600.jpg,Abdominals,Body Only
Exercise ball leg curl,https://www.bodybuilding.com/exercises/ball-leg-curl,https://www.bodybuilding.com/images/2020/xdb/cropped/xdb-21s-exercise-ball-leg-curl-m1-square-600x600.jpg,https://www.bodybuilding.com/images/2020/xdb/cropped/xdb-21s-exercise-ball-leg-curl-m2-square-600x600.jpg,Hamstrings,Exercise Ball
Glute bridge,https://www.bodybuilding.com/exercises/butt-lift-bridge,https://www.bodybuilding.com/images/2020/xdb/cropped/xdb-59a-glute-bridge-m1-square-600x600.jpg,https://www.bodybuilding.com/images/2020/xdb/cropped/xdb-59a-glute-bridge-m2-square-600x600.jpg,Glutes,Body Only
Close-Grip Front Lat Pulldown,https://www.bodybuilding.com/exercises/close-grip-front-lat-pulldown,https://www.bodybuilding.com/images/2020/xdb/cropped/xdb-73c-close-grip-pull-down-m1-square-600x600.jpg,https://www.bodybuilding.com/images/2020/xdb/cropped/xdb-73c-close-grip-pull-down-m2-square-600x600.jpg,Lats,Cable
Dip Machine,https://www.bodybuilding.com/exercises/dip-machine,https://www.bodybuilding.com/exercises/exerciseImages/sequences/146/Male/m/146_1.jpg,https://www.bodybuilding.com/exercises/exerciseImages/sequences/146/Male/m/146_2.jpg,Triceps,Cable
Incline dumbbell row,https://www.bodybuilding.com/exercises/dumbbell-incline-row,,,Middle Back,Dumbbell
Dumbbell Lunges,https://www.bodybuilding.com/exercises/dumbbell-lunges,,,Quadriceps,Dumbbell
Single-arm standing shoulder press,https://www.bodybuilding.com/exercises/dumbbell-one-arm-shoulder-press,,,Shoulders,Dumbbell
Preacher Curl,https://www.bodybuilding.com/exercises/preacher-curl,https://www.bodybuilding.com/images/2020/xdb/cropped/xdb-55s-ez-bar-preacher-curl-m1-square-600x600.jpg,https://www.bodybuilding.com/images/2020/xdb/cropped/xdb-55s-ez-bar-preacher-curl-m2-square-600x600.jpg,Biceps,Barbell
Reverse crunch,https://www.bodybuilding.com/exercises/reverse-crunch,https://www.bodybuilding.com/images/2020/xdb/cropped/2019-xdb-263a-reverse-crunch-m1-600x600.jpg,https://www.bodybuilding.com/images/2020/xdb/cropped/2019-xdb-263a-reverse-crunch-m2-600x600.jpg,Abdominals,Body Only
Standing Dumbbell Triceps Extension,https://www.bodybuilding.com/exercises/standing-dumbbell-triceps-extension,https://www.bodybuilding.com/images/2020/june/345_1.jpg,https://www.bodybuilding.com/images/2020/june/345_2.jpg,Triceps,Dumbbell
Elliptical trainer,https://www.bodybuilding.com/exercises/elliptical-trainer,https://www.bodybuilding.com/images/2020/xdb/cropped/xdb-22m-elliptical-trainer-m1-square-600x600.jpg,https://www.bodybuilding.com/images/2020/xdb/cropped/xdb-22m-elliptical-trainer-m2-square-600x600.jpg,Quadriceps,Machine
Bodyweight squat,https://www.bodybuilding.com/exercises/bodyweight-squat,https://www.bodybuilding.com/images/2020/xdb/cropped/xdb-27a-bodyweight-squat-m1-square-600x600.jpg,https://www.bodybuilding.com/images/2020/xdb/cropped/xdb-27a-bodyweight-squat-m2-square-600x600.jpg,Quadriceps,Body Only
Bent Over Two-Dumbbell Row With Palms In,https://www.bodybuilding.com/exercises/bent-over-two-dumbbell-row-with-palms-in,https://www.bodybuilding.com/exercises/exerciseImages/sequences/17/Male/m/17_1.jpg,https://www.bodybuilding.com/exercises/exerciseImages/sequences/17/Male/m/17_2.jpg,Middle Back,Dumbbell
Hex-bar deadlift,https://www.bodybuilding.com/exercises/trap-bar-deadlift,https://www.bodybuilding.com/images/2020/xdb/cropped/xdb-123s-hex-bar-deadlift-m1-square-600x600.jpg,https://www.bodybuilding.com/images/2020/xdb/cropped/xdb-123s-hex-bar-deadlift-m2-square-600x600.jpg,Quadriceps,Other
Narrow-stance leg press,https://www.bodybuilding.com/exercises/narrow-stance-leg-press,https://www.bodybuilding.com/images/2020/xdb/cropped/xdb-46m-wide-stance-leg-press-m1-square-600x600.jpg,https://www.bodybuilding.com/images/2020/xdb/cropped/xdb-46m-wide-stance-leg-press-m2-square-600x600.jpg,Quadriceps,Machine
Single-leg glute bridge,https://www.bodybuilding.com/exercises/single-leg-glute-bridge,https://www.bodybuilding.com/images/2020/xdb/cropped/xdb-61a-single-leg-glute-bridge-m1-square-600x600.jpg,https://www.bodybuilding.com/images/2020/xdb/cropped/xdb-61a-single-leg-glute-bridge-m3-square-600x600.jpg,Glutes,Body Only
Barbell Curls Lying Against An Incline,https://www.bodybuilding.com/exercises/barbell-curls-lying-against-an-incline,https://www.bodybuilding.com/exercises/exerciseImages/sequences/300/Male/m/300_1.jpg,https://www.bodybuilding.com/exercises/exerciseImages/sequences/300/Male/m/300_2.jpg,Biceps,Barbell
Standing Hip Circles,https://www.bodybuilding.com/exercises/standing-hip-circles,https://www.bodybuilding.com/exercises/exerciseImages/sequences/873/Male/m/873_1.jpg,https://www.bodybuilding.com/exercises/exerciseImages/sequences/873/Male/m/873_2.jpg,Abductors,Body Only
Clam,https://www.bodybuilding.com/exercises/clam,https://www.bodybuilding.com/images/2020/april/2843_1.jpg,https://www.bodybuilding.com/images/2020/april/2843_2.jpg,Abductors,
Narrow Stance Hack Squats,https://www.bodybuilding.com/exercises/narrow-stance-hack-squats,,,Quadriceps,Machine
Seated Close-Grip Concentration Barbell Curl,https://www.bodybuilding.com/exercises/seated-close-grip-concentration-barbell-curl,,,Biceps,Barbell
Dumbbell Lying Pronation,https://www.bodybuilding.com/exercises/dumbbell-lying-pronation,,,Forearms,
Smith machine box squat,https://www.bodybuilding.com/exercises/chair-squat,,,Quadriceps,Barbell
Drop Push,https://www.bodybuilding.com/exercises/drop-push,,,Chest,Other
Upside-down pull-up,https://www.bodybuilding.com/exercises/bodyweight-mid-row,,,Middle Back,Other
Reverse Barbell Preacher Curls,https://www.bodybuilding.com/exercises/reverse-barbell-preacher-curls,,,Biceps,E-Z Curl Bar
Close-grip EZ-bar bench press,https://www.bodybuilding.com/exercises/close-grip-ez-bar-press,,,Chest,E-Z Curl Bar
Incline Push-Up,https://www.bodybuilding.com/exercises/incline-push-up,,,Chest,Body Only
Hyperextensions With No Hyperextension Bench,https://www.bodybuilding.com/exercises/hyperextensions-with-no-hyperextension-bench,,,Lower Back,Body Only
Dumbbell front raise,https://www.bodybuilding.com/exercises/front-two-dumbbell-raise,https://www.bodybuilding.com/images/2020/xdb/cropped/xdb-13d-dumbbell-front-raise-m2-square-600x600.jpg,,Shoulders,Dumbbell
Parallel Bar Dip,https://www.bodybuilding.com/exercises/parallel-bar-dip,https://www.bodybuilding.com/images/2020/xdb/cropped/xdb-1m-triceps-dip-m1-square-600x600.jpg,https://www.bodybuilding.com/images/2020/xdb/cropped/xdb-1m-triceps-dip-m2-square-600x600.jpg,Triceps,Body Only
Stairmaster,https://www.bodybuilding.com/exercises/stairmaster,https://www.bodybuilding.com/images/2020/xdb/cropped/xdb-51m-stair-climber-m1-square-600x600.jpg,https://www.bodybuilding.com/images/2020/xdb/cropped/xdb-51m-stair-climber-m2-square-600x600.jpg,Quadriceps,Machine
Double Leg Butt Kick,https://www.bodybuilding.com/exercises/double-leg-butt-kick,https://www.bodybuilding.com/exercises/exerciseImages/sequences/778/Male/m/778_1.jpg,https://www.bodybuilding.com/exercises/exerciseImages/sequences/778/Male/m/778_2.jpg,Quadriceps,
Groiners,https://www.bodybuilding.com/exercises/groiners-,,,Adductors,Body Only
Neck Press,https://www.bodybuilding.com/exercises/neck-press,,,Chest,Barbell
Broad jump,https://www.bodybuilding.com/exercises/standing-long-jump,,,Quadriceps,Body Only
Machine Squat,https://www.bodybuilding.com/exercises/machine-squat,,,Quadriceps,Machine
V-bar pull-up,https://www.bodybuilding.com/exercises/v-bar-pullup,https://www.bodybuilding.com/images/2020/xdb/cropped/2020-xdb-140c-v-bar-pull-up-m1-crop-600x600.jpg,,Lats,
Ring dip,https://www.bodybuilding.com/exercises/ring-dips,,,Triceps,Body Only
Standing One-Arm Cable Curl,https://www.bodybuilding.com/exercises/standing-one-arm-cable-curl,,,Biceps,Cable
Burpee,https://www.bodybuilding.com/exercises/burpee,https://www.bodybuilding.com/images/2020/xdb/cropped/xdb-38a-burpee-m4-square-600x600.jpg,,Quadriceps,Body Only
Double-arm triceps kick-back,https://www.bodybuilding.com/exercises/standing-bent-over-two-arm-dumbbell-triceps-extension,https://www.bodybuilding.com/images/2020/xdb/cropped/xdb-75d-double-arm-triceps-kick-back-m2-square-600x600.jpg,https://www.bodybuilding.com/images/2020/xdb/cropped/xdb-75d-double-arm-triceps-kick-back-m3-square-600x600.jpg,Triceps,Dumbbell
Dumbbell reverse lunge,https://www.bodybuilding.com/exercises/dumbbell-rear-lunge,https://www.bodybuilding.com/images/2020/xdb/cropped/xdb-83d-dumbbell-reverse-lunge-m1-square-600x600.jpg,,Quadriceps,Dumbbell
Seated Calf Raise,https://www.bodybuilding.com/exercises/seated-calf-raise,https://www.bodybuilding.com/images/2020/xdb/cropped/xdb-13m-machine-seated-calf-raise-m1-square-600x600.jpg,https://www.bodybuilding.com/images/2020/xdb/cropped/xdb-13m-machine-seated-calf-raise-m2-square-600x600.jpg,Calves,Machine
Standing dumbbell shrug,https://www.bodybuilding.com/exercises/dumbbell-shrug,https://www.bodybuilding.com/images/2020/xdb/cropped/xdb-115d-standing-dumbbell-shrug-m1-square-600x600.jpg,https://www.bodybuilding.com/images/2020/xdb/cropped/xdb-115d-standing-dumbbell-shrug-m2-square-600x600.jpg,Traps,Dumbbell
Calf Press On The Leg Press Machine,https://www.bodybuilding.com/exercises/calf-press-on-the-leg-press-machine,,,Calves,Machine
Barbell step-up,https://www.bodybuilding.com/exercises/barbell-step-ups,,,Quadriceps,Barbell
Feet-elevated bench dip,https://www.bodybuilding.com/exercises/bench-dips,,,Triceps,Body Only
Bent Over Barbell Row,https://www.bodybuilding.com/exercises/bent-over-barbell-row,,,Middle Back,Barbell
Crunches,https://www.bodybuilding.com/exercises/crunches,,,Abdominals,Body Only
Dumbbell Alternate Bicep Curl,https://www.bodybuilding.com/exercises/dumbbell-alternate-bicep-curl,,,Biceps,Dumbbell
Bent-over dumbbell rear delt row,https://www.bodybuilding.com/exercises/dumbbell-rear-delt-row,,,Shoulders,Dumbbell
External Rotation with Cable,https://www.bodybuilding.com/exercises/external-rotation-with-cable,,,Shoulders,Cables
Handstand push-up,https://www.bodybuilding.com/exercises/handstand-push-ups,,,Shoulders,Body Only
Single-arm dumbbell preacher curl,https://www.bodybuilding.com/exercises/one-arm-dumbbell-preacher-curl,https://www.bodybuilding.com/images/2020/xdb/cropped/xdb-53s-single-arm-dumbbell-preacher-curl-m1-square-600x600.jpg,https://www.bodybuilding.com/images/2020/xdb/cropped/xdb-53s-single-arm-dumbbell-preacher-curl-m2-square-600x600.jpg,Biceps,Dumbbell
Step-up with knee raise,https://www.bodybuilding.com/exercises/step-up-with-knee-raise,https://www.bodybuilding.com/images/2020/xdb/cropped/xdb-70e-step-up-with-knee-raise-m1-square-600x600.jpg,https://www.bodybuilding.com/images/2020/xdb/cropped/xdb-70e-step-up-with-knee-raise-m2-square-600x600.jpg,Glutes,Body Only
Smith machine back squat,https://www.bodybuilding.com/exercises/smith-machine-squat,https://www.bodybuilding.com/images/2020/xdb/cropped/xdb-18t-smith-machine-back-squat-m1-square-600x600.jpg,https://www.bodybuilding.com/images/2020/xdb/cropped/xdb-18t-smith-machine-back-squat-m2-square-600x600.jpg,Quadriceps,Machine
Incline dumbbell front raise,https://www.bodybuilding.com/exercises/front-incline-dumbbell-raise,,,Shoulders,Dumbbell
Alternate Incline Dumbbell Curl,https://www.bodybuilding.com/exercises/alternate-incline-dumbbell-curl,https://www.bodybuilding.com/images/2020/xdb/cropped/xdb-26n-alternating-incline-dumbbell-biceps-curl-m1-square-600x600.jpg,https://www.bodybuilding.com/images/2020/xdb/cropped/xdb-26n-alternating-incline-dumbbell-biceps-curl-m2-square-600x600.jpg,Biceps,Dumbbell
Standing dumbbell upright row,https://www.bodybuilding.com/exercises/standing-dumbbell-upright-row,https://www.bodybuilding.com/images/2020/xdb/cropped/xdb-125d-standing-dumbbell-upright-row-m1-square-600x600.jpg,https://www.bodybuilding.com/images/2020/xdb/cropped/xdb-125d-standing-dumbbell-upright-row-m2-square-600x600.jpg,Traps,Dumbbell
Single-arm cable front raise,https://www.bodybuilding.com/exercises/front-cable-raise,https://www.bodybuilding.com/images/2020/xdb/cropped/xdb-42c-single-arm-cable-front-raise-m1-square-600x600.jpg,https://www.bodybuilding.com/images/2020/xdb/cropped/xdb-42c-single-arm-cable-front-raise-m2-square-600x600.jpg,Shoulders,Cable
Two-Arm Kettlebell Military Press,https://www.bodybuilding.com/exercises/two-arm-kettlebell-military-press,https://www.bodybuilding.com/exercises/exerciseImages/sequences/530/Male/m/530_1.jpg,https://www.bodybuilding.com/exercises/exerciseImages/sequences/530/Male/m/530_2.jpg,Shoulders,Kettlebells
Incline cable chest press,https://www.bodybuilding.com/exercises/incline-cable-chest-press,https://www.bodybuilding.com/images/2020/xdb/cropped/xdb-11c-incline-cable-chest-press-m1-square-600x600.jpg,https://www.bodybuilding.com/images/2020/xdb/cropped/xdb-11c-incline-cable-chest-press-m2-square-600x600.jpg,Chest,Cable
Rope climb,https://www.bodybuilding.com/exercises/rope-climb,,,Lats,Body Only
Single-arm dumbbell preacher curl,https://www.bodybuilding.com/exercises/one-arm-dumbbell-preacher-curl,,,Biceps,Dumbbell
Step-up with knee raise,https://www.bodybuilding.com/exercises/step-up-with-knee-raise,https://www.bodybuilding.com/images/2020/xdb/cropped/xdb-70e-step-up-with-knee-raise-m2-square-600x600.jpg,,Glutes,Body Only
Incline dumbbell front raise,https://www.bodybuilding.com/exercises/front-incline-dumbbell-raise,https://www.bodybuilding.com/images/2020/xdb/cropped/xdb-11n-incline-dumbbell-front-raise-m1-square-600x600.jpg,https://www.bodybuilding.com/images/2020/xdb/cropped/xdb-11n-incline-dumbbell-front-raise-m2-square-600x600.jpg,Shoulders,Dumbbell
Rope climb,https://www.bodybuilding.com/exercises/rope-climb,https://www.bodybuilding.com/images/2020/xdb/cropped/xdb-155s-rope-climb-m1-square-600x600.jpg,https://www.bodybuilding.com/images/2020/xdb/cropped/xdb-155s-rope-climb-m3-square-600x600.jpg,Lats,Body Only
Trail Running/Walking,https://www.bodybuilding.com/exercises/trail-runningwalking,,,Quadriceps,Body Only
Standing Bradford press,https://www.bodybuilding.com/exercises/standing-bradford-press,,,Shoulders,Barbell
Neutral-grip dumbbell bench press,https://www.bodybuilding.com/exercises/dumbbell-bench-press-with-neutral-grip,,,Chest,Dumbbell
Cable Chest Press,https://www.bodybuilding.com/exercises/cable-chest-press,https://www.bodybuilding.com/exercises/exerciseImages/sequences/870/Male/m/870_1.jpg,https://www.bodybuilding.com/exercises/exerciseImages/sequences/870/Male/m/870_2.jpg,Chest,Cable
Standing concentration curl,https://www.bodybuilding.com/exercises/standing-concentration-curl,https://www.bodybuilding.com/images/2020/xdb/cropped/xdb-23d-standing-concentration-curl-m1-square-600x600.jpg,https://www.bodybuilding.com/images/2020/xdb/cropped/xdb-23d-standing-concentration-curl-m2-square-600x600.jpg,Biceps,Dumbbell
Wide-Grip Rear Pull-Up,https://www.bodybuilding.com/exercises/wide-grip-rear-pull-up,https://www.bodybuilding.com/exercises/exerciseImages/sequences/191/Male/m/191_1.jpg,https://www.bodybuilding.com/exercises/exerciseImages/sequences/191/Male/m/191_2.jpg,Lats,Body Only
Kettlebell pass-through lunge,https://www.bodybuilding.com/exercises/lunge-pass-through,https://www.bodybuilding.com/images/2020/xdb/cropped/xdb-57k-kettlebell-pass-through-lunge-m1-square-600x600.jpg,https://www.bodybuilding.com/images/2020/xdb/cropped/xdb-57k-kettlebell-pass-through-lunge-m4-square-600x600.jpg,Hamstrings,Kettlebells
Hands-elevated push-up,https://www.bodybuilding.com/exercises/incline-push-up-medium,https://www.bodybuilding.com/images/2020/xdb/cropped/xdb-18e-hands-elevated-push-up-m1-square-600x600.jpg,https://www.bodybuilding.com/images/2020/xdb/cropped/xdb-18e-hands-elevated-push-up-m2-square-600x600.jpg,Chest,Body Only
Deadlift with Bands,https://www.bodybuilding.com/exercises/deadlift-with-bands,https://www.bodybuilding.com/exercises/exerciseImages/sequences/677/Male/m/677_1.jpg,https://www.bodybuilding.com/exercises/exerciseImages/sequences/677/Male/m/677_2.jpg,Lower Back,Barbell
Straight-arm rope pull-down,https://www.bodybuilding.com/exercises/rope-straight-arm-pulldown,https://www.bodybuilding.com/images/2020/xdb/cropped/2019-xdb-105c-straight-arm-rope-pull-down-m1-600x600.jpg,https://www.bodybuilding.com/images/2020/xdb/cropped/2019-xdb-105c-straight-arm-rope-pull-down-m2-600x600.jpg,Lats,Cable
Barbell Shoulder Press,https://www.bodybuilding.com/exercises/barbell-shoulder-press,https://www.bodybuilding.com/images/2020/xdb/cropped/xdb-48e-seated-barbell-shoulder-press-m1-square-600x600.jpg,https://www.bodybuilding.com/images/2020/xdb/cropped/xdb-48e-seated-barbell-shoulder-press-m2-square-600x600.jpg,Shoulders,Barbell
Power clean,https://www.bodybuilding.com/exercises/power-clean,https://www.bodybuilding.com/images/2020/xdb/cropped/xdb-25b-power-clean-m1-square-600x600.jpg,https://www.bodybuilding.com/images/2020/xdb/cropped/xdb-25b-power-clean-m4-square-600x600.jpg,Hamstrings,Barbell
Hang Snatch,https://www.bodybuilding.com/exercises/hang-snatch,https://www.bodybuilding.com/exercises/exerciseImages/sequences/690/Male/m/690_1.jpg,https://www.bodybuilding.com/exercises/exerciseImages/sequences/690/Male/m/690_2.jpg,Hamstrings,Barbell
Kettlebell sumo deadlift high pull,https://www.bodybuilding.com/exercises/kettlebell-sumo-high-pull,https://www.bodybuilding.com/images/2020/xdb/cropped/xdb-49k-kettlebell-sumo-deadlift-high-pull-m1-square-600x600.jpg,https://www.bodybuilding.com/images/2020/xdb/cropped/xdb-49k-kettlebell-sumo-deadlift-high-pull-m3-square-600x600.jpg,Traps,Kettlebells
Calf-Machine Shoulder Shrug,https://www.bodybuilding.com/exercises/calf-machine-shoulder-shrug,https://www.bodybuilding.com/exercises/exerciseImages/sequences/184/Male/m/184_1.jpg,https://www.bodybuilding.com/exercises/exerciseImages/sequences/184/Male/m/184_2.jpg,Traps,Machine
Bench Press - Powerlifting,https://www.bodybuilding.com/exercises/bench-press-powerlifting,https://www.bodybuilding.com/exercises/exerciseImages/sequences/663/Male/m/663_1.jpg,https://www.bodybuilding.com/exercises/exerciseImages/sequences/663/Male/m/663_2.jpg,Triceps,Barbell
Rocking Standing Calf Raise,https://www.bodybuilding.com/exercises/rocking-standing-calf-raise,,,Calves,Barbell
Goblet Squat,https://www.bodybuilding.com/exercises/goblet-squat,,,Quadriceps,Kettlebells
Behind-the-head skullcrusher,https://www.bodybuilding.com/exercises/lying-close-grip-barbell-triceps-extension-behind-the-head,https://www.bodybuilding.com/images/2020/xdb/cropped/xdb-56e-behind-the-head-skullcrusher-m1-square-600x600.jpg,https://www.bodybuilding.com/images/2020/xdb/cropped/xdb-56e-behind-the-head-skullcrusher-m2-square-600x600.jpg,Triceps,Barbell
Seated palms-up wrist curl,https://www.bodybuilding.com/exercises/seated-palm-up-barbell-wrist-curl,https://www.bodybuilding.com/images/2020/xdb/cropped/xdb-65e-seated-palms-up-wrist-curl-m1-square-600x600.jpg,https://www.bodybuilding.com/images/2020/xdb/cropped/xdb-65e-seated-palms-up-wrist-curl-m2-square-600x600.jpg,Forearms,Barbell
Reverse Cable Curl,https://www.bodybuilding.com/exercises/reverse-cable-curl,https://www.bodybuilding.com/exercises/exerciseImages/sequences/141/Male/m/141_1.jpg,https://www.bodybuilding.com/exercises/exerciseImages/sequences/141/Male/m/141_2.jpg,Biceps,Cable
Dumbbell side bend,https://www.bodybuilding.com/exercises/dumbbell-side-bend,https://www.bodybuilding.com/images/2020/xdb/cropped/xdb-102d-dumbbell-side-bend-m1-square-600x600.jpg,https://www.bodybuilding.com/images/2020/xdb/cropped/xdb-102d-dumbbell-side-bend-m2-square-600x600.jpg,Abdominals,Dumbbell
Lat pull-down,https://www.bodybuilding.com/exercises/wide-grip-lat-pulldown,https://www.bodybuilding.com/images/2020/xdb/cropped/xdb-72c-lat-pull-down-m1-square-600x600.jpg,,Lats,Cable
Side Lateral Raise,https://www.bodybuilding.com/exercises/side-lateral-raise,https://www.bodybuilding.com/images/2020/xdb/cropped/xdb-77d-dumbbell-lateral-raise-m1-square-600x600.jpg,https://www.bodybuilding.com/images/2020/xdb/cropped/xdb-77d-dumbbell-lateral-raise-m2-square-600x600.jpg,Shoulders,Dumbbell
Alternating incline dumbbell biceps curl,https://www.bodybuilding.com/exercises/incline-dumbbell-curl,https://www.bodybuilding.com/images/2020/xdb/cropped/xdb-26n-alternating-incline-dumbbell-biceps-curl-m1-square-600x600.jpg,https://www.bodybuilding.com/images/2020/xdb/cropped/xdb-26n-alternating-incline-dumbbell-biceps-curl-m2-square-600x600.jpg,Biceps,Dumbbell
Kettlebell One-Legged Deadlift,https://www.bodybuilding.com/exercises/kettlebell-one-legged-deadlift,https://www.bodybuilding.com/images/2020/xdb/cropped/xdb-4k-single-leg-kettlebell-deadlift-m1-square-600x600.jpg,,Hamstrings,Kettlebells
Alternate Hammer Curl,https://www.bodybuilding.com/exercises/alternate-hammer-curl,https://www.bodybuilding.com/images/2020/xdb/cropped/xdb-3d-alternating-hammer-curl-m1-square-600x600.jpg,https://www.bodybuilding.com/images/2020/xdb/cropped/xdb-3d-alternating-hammer-curl-m2-square-600x600.jpg,Biceps,Dumbbell
Decline Push-Up,https://www.bodybuilding.com/exercises/decline-push-up,https://www.bodybuilding.com/images/2020/xdb/cropped/xdb-20e-feet-elevated-push-up-m1-square-600x600.jpg,https://www.bodybuilding.com/images/2020/xdb/cropped/xdb-20e-feet-elevated-push-up-m2-square-600x600.jpg,Chest,Body Only
Captain's chair knee raise,https://www.bodybuilding.com/exercises/kneehip-raise-on-parallel-bars,https://www.bodybuilding.com/images/2020/xdb/cropped/xdb-5m-captains-chair-knee-raise-m1-square-600x600.jpg,https://www.bodybuilding.com/images/2020/xdb/cropped/xdb-5m-captains-chair-knee-raise-m2-square-600x600.jpg,Abdominals,Other
Triceps Pushdown,https://www.bodybuilding.com/exercises/triceps-pushdown,https://www.bodybuilding.com/images/2020/xdb/cropped/xdb-17c-cable-v-bar-push-down-m1-square-600x600.jpg,https://www.bodybuilding.com/images/2020/xdb/cropped/xdb-17c-cable-v-bar-push-down-m2-square-600x600.jpg,Triceps,Cable
Low cable overhead triceps extension,https://www.bodybuilding.com/exercises/triceps-overhead-extension-with-rope,,,Triceps,Cable
Single-arm cable cross-over,https://www.bodybuilding.com/exercises/single-arm-cable-crossover,,,Chest,Cable
Seated dumbbell biceps curl,https://www.bodybuilding.com/exercises/seated-dumbbell-curl,,,Biceps,Dumbbell
Battle ropes,https://www.bodybuilding.com/exercises/battling-ropes,,,Shoulders,Other
Dead bug reach,https://www.bodybuilding.com/exercises/dead-bug,,,Abdominals,Body Only
Deadlift with Chains,https://www.bodybuilding.com/exercises/deadlift-with-chains,,,Lower Back,Barbell
Rope Crunch,https://www.bodybuilding.com/exercises/rope-crunch,https://www.bodybuilding.com/images/2020/xdb/cropped/xdb-35c-kneeling-cable-crunch-m1-square-600x600.jpg,https://www.bodybuilding.com/images/2020/xdb/cropped/xdb-35c-kneeling-cable-crunch-m2-square-600x600.jpg,Abdominals,Cable
Palms-Up Dumbbell Wrist Curl Over A Bench,https://www.bodybuilding.com/exercises/palms-up-dumbbell-wrist-curl-over-a-bench,,,Forearms,Dumbbell
Kettlebell thruster,https://www.bodybuilding.com/exercises/kettlebell-thruster,,,Glutes,Kettlebells
Single-Arm Push-Up,https://www.bodybuilding.com/exercises/single-arm-push-up,,,Chest,Body Only
Band Hip Adductions,https://www.bodybuilding.com/exercises/band-hip-adductions,https://www.bodybuilding.com/exercises/exerciseImages/sequences/850/Male/m/850_2.jpg,,Adductors,Bands
Single-arm kettlebell clean,https://www.bodybuilding.com/exercises/one-arm-kettlebell-clean,https://www.bodybuilding.com/images/2020/xdb/cropped/xdb-80k-single-arm-kettlebell-clean-m1-square-600x600.jpg,https://www.bodybuilding.com/images/2020/xdb/cropped/xdb-80k-single-arm-kettlebell-clean-m2-square-600x600.jpg,Hamstrings,Kettlebells
Preacher Hammer Dumbbell Curl,https://www.bodybuilding.com/exercises/preacher-hammer-dumbbell-curl,https://www.bodybuilding.com/exercises/exerciseImages/sequences/155/Male/m/155_1.jpg,https://www.bodybuilding.com/exercises/exerciseImages/sequences/155/Male/m/155_2.jpg,Biceps,Dumbbell
Alternating Kettlebell Press,https://www.bodybuilding.com/exercises/alternating-kettlebell-press,https://www.bodybuilding.com/exercises/exerciseImages/sequences/504/Male/m/504_1.jpg,https://www.bodybuilding.com/exercises/exerciseImages/sequences/504/Male/m/504_2.jpg,Shoulders,Kettlebells
Split Squat with Dumbbells,https://www.bodybuilding.com/exercises/split-squat-with-dumbbells,https://www.bodybuilding.com/images/2020/xdb/cropped/xdb-61e-dumbbell-bulgarian-split-squat-m1-square-600x600.jpg,https://www.bodybuilding.com/images/2020/xdb/cropped/xdb-61e-dumbbell-bulgarian-split-squat-m2-square-600x600.jpg,Quadriceps,Dumbbell
Standing One-Arm Dumbbell Curl Over Incline Bench,https://www.bodybuilding.com/exercises/standing-one-arm-dumbbell-curl-over-incline-bench,,,Biceps,
Standing Olympic Plate Hand Squeeze,https://www.bodybuilding.com/exercises/standing-olympic-plate-hand-squeeze,,,Forearms,Other
Sledgehammer swing,https://www.bodybuilding.com/exercises/sledgehammer-swings,,,Abdominals,Other
Kneeling Squat,https://www.bodybuilding.com/exercises/kneeling-squat,https://www.bodybuilding.com/exercises/exerciseImages/sequences/697/Male/m/697_1.jpg,https://www.bodybuilding.com/exercises/exerciseImages/sequences/697/Male/m/697_2.jpg,Glutes,Barbell
Single-arm kettlebell snatch,https://www.bodybuilding.com/exercises/one-arm-kettlebell-snatch,,,Shoulders,Kettlebells
Close-grip barbell curl,https://www.bodybuilding.com/exercises/close-grip-standing-barbell-curl,https://www.bodybuilding.com/images/2020/xdb/cropped/xdb-20b-close-grip-barbell-curl-m1-square-600x600.jpg,https://www.bodybuilding.com/images/2020/xdb/cropped/xdb-20b-close-grip-barbell-curl-m2-square-600x600.jpg,Biceps,Barbell
Box jump,https://www.bodybuilding.com/exercises/front-box-jump,,,Hamstrings,Other
Standing cable crunch,https://www.bodybuilding.com/exercises/standing-rope-crunch,,,Abdominals,Cable
Leverage Incline Chest Press,https://www.bodybuilding.com/exercises/leverage-incline-chest-press,https://www.bodybuilding.com/exercises/exerciseImages/sequences/893/Male/m/893_1.jpg,https://www.bodybuilding.com/exercises/exerciseImages/sequences/893/Male/m/893_2.jpg,Chest,Machine
Standing barbell overhead triceps extension,https://www.bodybuilding.com/exercises/standing-overhead-barbell-triceps-extension,,,Triceps,Barbell
Lying cable triceps extension,https://www.bodybuilding.com/exercises/cable-lying-triceps-extension,,,Triceps,Cable
Kettlebell Turkish Get-Up (Squat style),https://www.bodybuilding.com/exercises/kettlebell-turkish-get-up-squat-style,https://www.bodybuilding.com/exercises/exerciseImages/sequences/527/Male/m/527_1.jpg,https://www.bodybuilding.com/exercises/exerciseImages/sequences/527/Male/m/527_2.jpg,Shoulders,
Crunch - Hands Overhead,https://www.bodybuilding.com/exercises/crunch-hands-overhead,https://www.bodybuilding.com/exercises/exerciseImages/sequences/113/Male/m/113_1.jpg,https://www.bodybuilding.com/exercises/exerciseImages/sequences/113/Male/m/113_2.jpg,Abdominals,Body Only
Cable Internal Rotation,https://www.bodybuilding.com/exercises/cable-internal-rotation,https://www.bodybuilding.com/exercises/exerciseImages/sequences/315/Male/m/315_1.jpg,https://www.bodybuilding.com/exercises/exerciseImages/sequences/315/Male/m/315_2.jpg,Shoulders,Cable
Leg Extensions,https://www.bodybuilding.com/exercises/leg-extensions,https://www.bodybuilding.com/images/2020/xdb/cropped/xdb-18m-leg-extension-m1-square-600x600.jpg,https://www.bodybuilding.com/images/2020/xdb/cropped/xdb-18m-leg-extension-m2-square-600x600.jpg,Quadriceps,Machine
Standing One-Arm Dumbbell Curl Over Incline Bench,https://www.bodybuilding.com/exercises/standing-one-arm-dumbbell-curl-over-incline-bench,https://www.bodybuilding.com/exercises/exerciseImages/sequences/339/Male/m/339_1.jpg,https://www.bodybuilding.com/exercises/exerciseImages/sequences/339/Male/m/339_2.jpg,Biceps,
Standing Olympic Plate Hand Squeeze,https://www.bodybuilding.com/exercises/standing-olympic-plate-hand-squeeze,https://www.bodybuilding.com/exercises/exerciseImages/sequences/6/Male/m/6_1.jpg,https://www.bodybuilding.com/exercises/exerciseImages/sequences/6/Male/m/6_2.jpg,Forearms,Other
Sledgehammer swing,https://www.bodybuilding.com/exercises/sledgehammer-swings,https://www.bodybuilding.com/images/2020/xdb/cropped/2019-xdb-186s-sledghehammer-swing-m1-600x600.jpg,https://www.bodybuilding.com/images/2020/xdb/cropped/2019-xdb-186s-sledghehammer-swing-m3-600x600.jpg,Abdominals,Other
Single-arm kettlebell snatch,https://www.bodybuilding.com/exercises/one-arm-kettlebell-snatch,https://www.bodybuilding.com/images/2020/xdb/cropped/xdb-79k-single-arm-kettlebell-snatch-m1-square-600x600.jpg,https://www.bodybuilding.com/images/2020/xdb/cropped/xdb-79k-single-arm-kettlebell-snatch-m2-square-600x600.jpg,Shoulders,Kettlebells
Box jump,https://www.bodybuilding.com/exercises/front-box-jump,https://www.bodybuilding.com/images/2020/xdb/cropped/xdb-75e-box-jump-m1-square-600x600.jpg,https://www.bodybuilding.com/images/2020/xdb/cropped/xdb-75e-box-jump-m3-square-600x600.jpg,Hamstrings,Other
Standing cable crunch,https://www.bodybuilding.com/exercises/standing-rope-crunch,https://www.bodybuilding.com/images/2020/xdb/cropped/xdb-34c-standing-cable-crunch-m1-square-600x600.jpg,https://www.bodybuilding.com/images/2020/xdb/cropped/xdb-34c-standing-cable-crunch-m2-square-600x600.jpg,Abdominals,Cable
Standing barbell overhead triceps extension,https://www.bodybuilding.com/exercises/standing-overhead-barbell-triceps-extension,https://www.bodybuilding.com/images/2020/xdb/cropped/xdb-60b-standing-barbell-overhead-triceps-extension-m1-square-600x600.jpg,https://www.bodybuilding.com/images/2020/xdb/cropped/xdb-60b-standing-barbell-overhead-triceps-extension-m2-square-600x600.jpg,Triceps,Barbell
Lying cable triceps extension,https://www.bodybuilding.com/exercises/cable-lying-triceps-extension,https://www.bodybuilding.com/images/2020/xdb/cropped/xdb-62c-lying-cable-triceps-extension-m1-square-600x600.jpg,https://www.bodybuilding.com/images/2020/xdb/cropped/xdb-62c-lying-cable-triceps-extension-m2-square-600x600.jpg,Triceps,Cable
Close push-up to wide push-up,https://www.bodybuilding.com/exercises/pushups-close-and-wide-hand-positions,,,Chest,Body Only
Single-arm dumbbell triceps extension,https://www.bodybuilding.com/exercises/dumbbell-one-arm-triceps-extension,,,Triceps,Dumbbell
Butterfly,https://www.bodybuilding.com/exercises/butterfly,,,Chest,Machine
Decline dumbbell bench press,https://www.bodybuilding.com/exercises/decline-dumbbell-bench-press,https://www.bodybuilding.com/images/2020/xdb/cropped/xdb-33n-decline-dumbbell-bench-press-m1-square-600x600.jpg,https://www.bodybuilding.com/images/2020/xdb/cropped/xdb-33n-decline-dumbbell-bench-press-m2-square-600x600.jpg,Chest,Dumbbell
V-up,https://www.bodybuilding.com/exercises/jackknife-sit-up,https://www.bodybuilding.com/images/2020/xdb/cropped/xdb-76a-v-up-m1-square-600x600.jpg,https://www.bodybuilding.com/images/2020/xdb/cropped/xdb-76a-v-up-m2-square-600x600.jpg,Abdominals,Body Only
Seated face pull,https://www.bodybuilding.com/exercises/low-pulley-row-to-neck,,,Shoulders,Cable
Barbell Bulgarian split squat,https://www.bodybuilding.com/exercises/one-leg-barbell-squat,https://www.bodybuilding.com/images/2020/xdb/cropped/2020-xdb-60e-barbell-bulgarian-split-squat-m1-crop-600x600.jpg,https://www.bodybuilding.com/images/2020/xdb/cropped/2020-xdb-60e-barbell-bulgarian-split-squat-m2-crop-600x600.jpg,Quadriceps,Barbell
Reverse-grip lat pull-down,https://www.bodybuilding.com/exercises/underhand-cable-pulldowns,https://www.bodybuilding.com/images/2020/xdb/cropped/xdb-74c-reverse-grip-lat-pull-down-m1-square-600x600.jpg,https://www.bodybuilding.com/images/2020/xdb/cropped/xdb-74c-reverse-grip-lat-pull-down-m2-square-600x600.jpg,Lats,Machine
Standing Biceps Cable Curl,https://www.bodybuilding.com/exercises/standing-biceps-cable-curl,https://www.bodybuilding.com/images/2020/xdb/cropped/xdb-22c-cable-straight-bar-biceps-curl-m1-square-600x600.jpg,https://www.bodybuilding.com/images/2020/xdb/cropped/xdb-22c-cable-straight-bar-biceps-curl-m2-square-600x600.jpg,Biceps,Cable
Single-arm cable seated row,https://www.bodybuilding.com/exercises/seated-one-arm-cable-pulley-rows,https://www.bodybuilding.com/images/2020/xdb/cropped/xdb-82c-single-arm-cable-seated-row-m1-square-600x600.jpg,https://www.bodybuilding.com/images/2020/xdb/cropped/xdb-82c-single-arm-cable-seated-row-m2-square-600x600.jpg,Middle Back,Cable
Single-arm kettlebell row,https://www.bodybuilding.com/exercises/one-arm-dumbbell-bench-press,https://www.bodybuilding.com/images/2020/xdb/cropped/xdb-12e-single-arm-dumbbell-bench-press-m1-square-600x600.jpg,https://www.bodybuilding.com/images/2020/xdb/cropped/xdb-12e-single-arm-dumbbell-bench-press-m2-square-600x600.jpg,Chest,Dumbbell
Scissors Jump,https://www.bodybuilding.com/exercises/scissors-jump,https://www.bodybuilding.com/images/2020/xdb/cropped/xdb-42a-alternating-lunge-jump-m4-square-600x600.jpg,https://www.bodybuilding.com/images/2020/xdb/cropped/xdb-42a-alternating-lunge-jump-m5-square-600x600.jpg,Quadriceps,Body Only
Wide Stance Stiff Legs,https://www.bodybuilding.com/exercises/wide-stance-stiff-legs,https://www.bodybuilding.com/exercises/exerciseImages/sequences/744/Male/m/744_1.jpg,https://www.bodybuilding.com/exercises/exerciseImages/sequences/744/Male/m/744_2.jpg,Hamstrings,Barbell
Rack Pull with Bands,https://www.bodybuilding.com/exercises/rack-pull-with-bands,https://www.bodybuilding.com/exercises/exerciseImages/sequences/741/Male/m/741_1.jpg,https://www.bodybuilding.com/exercises/exerciseImages/sequences/741/Male/m/741_2.jpg,Lower Back,Barbell
Drag curl,https://www.bodybuilding.com/exercises/drag-curl,https://www.bodybuilding.com/images/2020/xdb/cropped/xdb-11b-drag-curl-m1-square-600x600.jpg,https://www.bodybuilding.com/images/2020/xdb/cropped/xdb-11b-drag-curl-m2-square-600x600.jpg,Biceps,Barbell
Close push-up to wide push-up,https://www.bodybuilding.com/exercises/pushups-close-and-wide-hand-positions,https://www.bodybuilding.com/images/2020/xdb/cropped/xdb-105a-close-push-up-to-wide-push-up-m1-square-600x600.jpg,https://www.bodybuilding.com/images/2020/xdb/cropped/xdb-105a-close-push-up-to-wide-push-up-m4-square-600x600.jpg,Chest,Body Only
Single-arm dumbbell triceps extension,https://www.bodybuilding.com/exercises/dumbbell-one-arm-triceps-extension,https://www.bodybuilding.com/images/2020/xdb/cropped/xdb-130d-single-arm-dumbbell-triceps-extension-m2-square-600x600.jpg,https://www.bodybuilding.com/images/2020/xdb/cropped/xdb-130d-single-arm-dumbbell-triceps-extension-m3-square-600x600.jpg,Triceps,Dumbbell
Butterfly,https://www.bodybuilding.com/exercises/butterfly,https://www.bodybuilding.com/images/2020/xdb/cropped/xdb-53m-machine-chest-fly-m1-square-600x600.jpg,https://www.bodybuilding.com/images/2020/xdb/cropped/xdb-53m-machine-chest-fly-m2-square-600x600.jpg,Chest,Machine
Seated face pull,https://www.bodybuilding.com/exercises/low-pulley-row-to-neck,https://www.bodybuilding.com/images/2020/xdb/cropped/xdb-70c-seated-face-pull-m1-square-600x600.jpg,https://www.bodybuilding.com/images/2020/xdb/cropped/xdb-70c-seated-face-pull-m2-square-600x600.jpg,Shoulders,Cable
Rack Pull with Bands,https://www.bodybuilding.com/exercises/rack-pull-with-bands,,,Lower Back,Barbell
Drag curl,https://www.bodybuilding.com/exercises/drag-curl,,,Biceps,Barbell
Hang Clean - Below the Knees,https://www.bodybuilding.com/exercises/hang-clean-below-the-knees,,,Quadriceps,Barbell
Decline oblique crunch,https://www.bodybuilding.com/exercises/decline-oblique-crunch,,,Abdominals,None
Dumbbell external shoulder rotation,https://www.bodybuilding.com/exercises/external-rotation,,,Shoulders,Dumbbell
Single-arm bent-over cable rear delt fly,https://www.bodybuilding.com/exercises/bent-over-low-pulley-side-lateral,https://www.bodybuilding.com/images/2020/xdb/cropped/xdb-48c-single-arm-cable-rear-delt-fly-m1-square-600x600.jpg,https://www.bodybuilding.com/images/2020/xdb/cropped/xdb-48c-single-arm-cable-rear-delt-fly-m2-square-600x600.jpg,Shoulders,Cable
Clean,https://www.bodybuilding.com/exercises/clean,https://www.bodybuilding.com/exercises/exerciseImages/sequences/669/Male/m/669_1.jpg,https://www.bodybuilding.com/exercises/exerciseImages/sequences/669/Male/m/669_2.jpg,Hamstrings,Barbell
Single-arm incline lateral raise,https://www.bodybuilding.com/exercises/one-arm-incline-lateral-raise,https://www.bodybuilding.com/images/2020/xdb/cropped/xdb-24n-single-arm-incline-lateral-raise-m1-square-600x600.jpg,,Shoulders,Dumbbell
Decline bar press sit-up,https://www.bodybuilding.com/exercises/press-sit-up,https://www.bodybuilding.com/images/2020/xdb/cropped/xdb-44n-decline-press-sit-up-m1-square-600x600.jpg,,Abdominals,Barbell
Barbell rear delt bent-over row,https://www.bodybuilding.com/exercises/barbell-rear-delt-row,https://www.bodybuilding.com/images/2020/xdb/cropped/xdb-03b-barbell-rear-delt-bent-over-row-m1-square-600x600.jpg,https://www.bodybuilding.com/images/2020/xdb/cropped/xdb-03b-barbell-rear-delt-bent-over-row-m2-square-600x600.jpg,Shoulders,Barbell
Calf Press,https://www.bodybuilding.com/exercises/calf-press,https://www.bodybuilding.com/images/2020/xdb/cropped/xdb-117s-standing-calf-raise-m1-square-600x600.jpg,https://www.bodybuilding.com/images/2020/xdb/cropped/xdb-117s-standing-calf-raise-m2-square-600x600.jpg,Calves,Machine
Kettlebell alternating renegade row,https://www.bodybuilding.com/exercises/alternating-renegade-row,https://www.bodybuilding.com/images/2020/xdb/cropped/xdb-11k-kettlebell-alternating-renegade-row-m1-square-600x600.jpg,https://www.bodybuilding.com/images/2020/xdb/cropped/xdb-11k-kettlebell-alternating-renegade-row-m2-square-600x600.jpg,Middle Back,Kettlebells
Bosu Ball Cable Crunch With Side Bends,https://www.bodybuilding.com/exercises/bosu-ball-cable-crunch-with-side-bends,https://www.bodybuilding.com/exercises/exerciseImages/sequences/932/Male/m/932_1.jpg,https://www.bodybuilding.com/exercises/exerciseImages/sequences/932/Male/m/932_2.jpg,Abdominals,Cable
Stomach Vacuum,https://www.bodybuilding.com/exercises/stomach-vacuum,https://www.bodybuilding.com/exercises/exerciseImages/sequences/243/Male/m/243_1.jpg,https://www.bodybuilding.com/exercises/exerciseImages/sequences/243/Male/m/243_2.jpg,Abdominals,Body Only
Hammer Grip Incline DB Bench Press,https://www.bodybuilding.com/exercises/hammer-grip-incline-db-bench-press,https://www.bodybuilding.com/exercises/exerciseImages/sequences/60/Male/m/60_1.jpg,https://www.bodybuilding.com/exercises/exerciseImages/sequences/60/Male/m/60_2.jpg,Chest,Dumbbell
Wide-grip hands-elevated push-up,https://www.bodybuilding.com/exercises/incline-push-up-wide,https://www.bodybuilding.com/images/2020/xdb/cropped/xdb-19e-wide-grip-hands-elevated-push-up-m1-square-600x600.jpg,https://www.bodybuilding.com/images/2020/xdb/cropped/xdb-19e-wide-grip-hands-elevated-push-up-m2-square-600x600.jpg,Chest,Body Only
Decline Dumbbell Triceps Extension,https://www.bodybuilding.com/exercises/decline-dumbbell-triceps-extension,https://www.bodybuilding.com/exercises/exerciseImages/sequences/167/Male/m/167_1.jpg,https://www.bodybuilding.com/exercises/exerciseImages/sequences/167/Male/m/167_2.jpg,Triceps,Dumbbell
Jumping jack-,https://www.bodybuilding.com/exercises/jumping-jacks,,,Quadriceps,Body Only
Push-Ups With Feet On An Exercise Ball,https://www.bodybuilding.com/exercises/push-ups-with-feet-on-an-exercise-ball,,,Chest,Body Only
Seated cable shoulder press,https://www.bodybuilding.com/exercises/seated-cable-shoulder-press,,,Shoulders,Cable
Barbell hack squat,https://www.bodybuilding.com/exercises/barbell-hack-squat,,,Quadriceps,Barbell
Feet-elevated push-up,https://www.bodybuilding.com/exercises/push-ups-with-feet-elevated,https://www.bodybuilding.com/images/2020/xdb/cropped/xdb-20e-feet-elevated-push-up-m1-square-600x600.jpg,https://www.bodybuilding.com/images/2020/xdb/cropped/xdb-20e-feet-elevated-push-up-m2-square-600x600.jpg,Chest,Body Only
Good Morning,https://www.bodybuilding.com/exercises/good-morning,https://www.bodybuilding.com/images/2020/xdb/cropped/xdb-09b-barbell-good-morning-m1-square-600x600.jpg,https://www.bodybuilding.com/images/2020/xdb/cropped/xdb-09b-barbell-good-morning-m2-square-600x600.jpg,Hamstrings,Barbell
Leverage Chest Press,https://www.bodybuilding.com/exercises/leverage-chest-press,https://www.bodybuilding.com/images/2020/xdb/cropped/xdb-65m-machine-chest-press-m1-square-600x600.jpg,https://www.bodybuilding.com/images/2020/xdb/cropped/xdb-65m-machine-chest-press-m2-square-600x600.jpg,Chest,Machine
Gironda Sternum Chins,https://www.bodybuilding.com/exercises/gironda-sternum-chins,https://www.bodybuilding.com/exercises/exerciseImages/sequences/292/Male/m/292_1.jpg,https://www.bodybuilding.com/exercises/exerciseImages/sequences/292/Male/m/292_2.jpg,Lats,Other
Exercise ball crunch,https://www.bodybuilding.com/exercises/exercise-ball-crunch,https://www.bodybuilding.com/images/2020/xdb/cropped/xdb-23s-exercise-ball-crunch-m1-square-600x600.jpg,https://www.bodybuilding.com/images/2020/xdb/cropped/xdb-23s-exercise-ball-crunch-m2-square-600x600.jpg,Abdominals,Exercise Ball
Seated rear delt fly,https://www.bodybuilding.com/exercises/seated-bent-over-rear-delt-raise,https://www.bodybuilding.com/images/2020/xdb/cropped/xdb-47e-seated-rear-delt-fly-m1-square-600x600.jpg,https://www.bodybuilding.com/images/2020/xdb/cropped/xdb-47e-seated-rear-delt-fly-m2-square-600x600.jpg,Shoulders,Dumbbell
Standing face pull,https://www.bodybuilding.com/exercises/face-pull,https://www.bodybuilding.com/images/2020/xdb/cropped/xdb-40c-standing-face-pull-m1-square-600x600.jpg,https://www.bodybuilding.com/images/2020/xdb/cropped/xdb-40c-standing-face-pull-m2-square-600x600.jpg,Shoulders,Cable
Glute Ham Raise,https://www.bodybuilding.com/exercises/glute-ham-raise,https://www.bodybuilding.com/images/2020/xdb/cropped/xdb-25m-glute-ham-raise-m1-square-600x600.jpg,https://www.bodybuilding.com/images/2020/xdb/cropped/xdb-25m-glute-ham-raise-m2-square-600x600.jpg,Hamstrings,Machine
Russian twist,https://www.bodybuilding.com/exercises/russian-twist,https://www.bodybuilding.com/images/2020/xdb/cropped/2019-xdb-262a-russian-twist-m1-600x600.jpg,https://www.bodybuilding.com/images/2020/xdb/cropped/2019-xdb-262a-russian-twist-m2-600x600.jpg,Abdominals,Body Only
Seated Flat Bench Leg Pull-In,https://www.bodybuilding.com/exercises/seated-flat-bench-leg-pull-in,,,Abdominals,Weight Bench
Barbell shrug,https://www.bodybuilding.com/exercises/barbell-shrug,,,Traps,Barbell
Seated Flat Bench Leg Pull-In,https://www.bodybuilding.com/exercises/seated-flat-bench-leg-pull-in,https://www.bodybuilding.com/exercises/exerciseImages/sequences/93/Male/m/93_1.jpg,https://www.bodybuilding.com/exercises/exerciseImages/sequences/93/Male/m/93_2.jpg,Abdominals,Weight Bench
Barbell shrug,https://www.bodybuilding.com/exercises/barbell-shrug,https://www.bodybuilding.com/images/2020/xdb/cropped/xdb-04b-barbell-shrug-m1-square-600x600.jpg,https://www.bodybuilding.com/images/2020/xdb/cropped/xdb-04b-barbell-shrug-m2-square-600x600.jpg,Traps,Barbell
Standing cable rear delt row,https://www.bodybuilding.com/exercises/cable-rope-rear-delt-rows,,,Shoulders,Cable
Flat Bench Lying Leg Raise,https://www.bodybuilding.com/exercises/flat-bench-lying-leg-raise,https://www.bodybuilding.com/images/2020/xdb/cropped/xdb-63a-lying-leg-lift-m1-square-600x600.jpg,https://www.bodybuilding.com/images/2020/xdb/cropped/xdb-63a-lying-leg-lift-m2-square-600x600.jpg,Abdominals,Body Only
Hack Squat,https://www.bodybuilding.com/exercises/hack-squat,,,Quadriceps,Barbell
Dumbbell skullcrusher,https://www.bodybuilding.com/exercises/lying-dumbbell-tricep-extension,,,Triceps,Dumbbell
Man-maker,https://www.bodybuilding.com/exercises/man-maker,,,Middle Back,Dumbbell
Pallof press,https://www.bodybuilding.com/exercises/pallof-press,,,Abdominals,Other
Knees tucked crunch,https://www.bodybuilding.com/exercises/tuck-crunch,,,Abdominals,Body Only
Straight-arm dumbbell pull-over,https://www.bodybuilding.com/exercises/straight-arm-dumbbell-pullover,https://www.bodybuilding.com/images/2020/xdb/cropped/xdb-26e-straight-arm-dumbbell-pull-over-m1-square-600x600.jpg,https://www.bodybuilding.com/images/2020/xdb/cropped/xdb-26e-straight-arm-dumbbell-pull-over-m2-square-600x600.jpg,Chest,Dumbbell
Arms-crossed jump squat,https://www.bodybuilding.com/exercises/freehand-jump-squat,https://www.bodybuilding.com/images/2020/xdb/cropped/xdb-43a-arms-crossed-jump-squat-m2-square-600x600.jpg,,Quadriceps,Body Only
Decline Smith Press,https://www.bodybuilding.com/exercises/decline-smith-press,,,Chest,Machine
Band Skull Crusher,https://www.bodybuilding.com/exercises/band-skull-crusher,https://www.bodybuilding.com/exercises/exerciseImages/sequences/1211/Male/m/1211_1.jpg,https://www.bodybuilding.com/exercises/exerciseImages/sequences/1211/Male/m/1211_2.jpg,Triceps,
Side Wrist Pull,https://www.bodybuilding.com/exercises/side-wrist-pull,https://www.bodybuilding.com/exercises/exerciseImages/sequences/442/Male/m/442_1.jpg,https://www.bodybuilding.com/exercises/exerciseImages/sequences/442/Male/m/442_2.jpg,Shoulders,None
Isometric Wipers,https://www.bodybuilding.com/exercises/isometric-wipers,https://www.bodybuilding.com/images/2020/xdb/cropped/xdb-122a-typewriter-push-up-m2-square-600x600.jpg,,Chest,Body Only
Skating,https://www.bodybuilding.com/exercises/skating,,,Quadriceps,Other
Cable cross-over,https://www.bodybuilding.com/exercises/cable-iron-cross,https://www.bodybuilding.com/images/2020/xdb/cropped/xdb-1c-cable-cross-over-m1-square-600x600.jpg,https://www.bodybuilding.com/images/2020/xdb/cropped/xdb-1c-cable-cross-over-m2-square-600x600.jpg,Chest,Cable
Treadmill running,https://www.bodybuilding.com/exercises/running-treadmill,,,Quadriceps,Machine
One Arm Pronated Dumbbell Triceps Extension,https://www.bodybuilding.com/exercises/one-arm-pronated-dumbbell-triceps-extension,,,Triceps,Dumbbell
Single-arm kettlebell clean and jerk,https://www.bodybuilding.com/exercises/one-arm-kettlebell-clean-and-jerk-,,,Shoulders,Kettlebells
Side To Side Chins,https://www.bodybuilding.com/exercises/side-to-side-chins,,,Lats,Body Only
Incline Dumbbell Bench With Palms Facing In,https://www.bodybuilding.com/exercises/incline-dumbbell-bench-with-palms-facing-in,,,Chest,Dumbbell
Seated palms-down wrist curl,https://www.bodybuilding.com/exercises/seated-dumbbell-palms-down-wrist-curl,,,Forearms,Dumbbell
Standing leg swing,https://www.bodybuilding.com/exercises/front-leg-raises,https://www.bodybuilding.com/images/2020/xdb/cropped/xdb-83s-standing-leg-swing-m1-square-600x600.jpg,https://www.bodybuilding.com/images/2020/xdb/cropped/xdb-83s-standing-leg-swing-m2-square-600x600.jpg,Hamstrings,Body Only
Clock push-up,https://www.bodybuilding.com/exercises/clock-push-up,https://www.bodybuilding.com/images/2020/xdb/cropped/xdb-103a-clock-push-up-m1-square-600x600.jpg,https://www.bodybuilding.com/images/2020/xdb/cropped/xdb-103a-clock-push-up-m6-square-600x600.jpg,Chest,Body Only
Machine seated row,https://www.bodybuilding.com/exercises/leverage-iso-row,https://www.bodybuilding.com/images/2020/xdb/cropped/xdb-91m-machine-seated-row-m1-square-600x600.jpg,https://www.bodybuilding.com/images/2020/xdb/cropped/xdb-91m-machine-seated-row-m2-square-600x600.jpg,Lats,Machine
Lying Face Up Plate Neck Resistance,https://www.bodybuilding.com/exercises/lying-face-up-plate-neck-resistance,https://www.bodybuilding.com/exercises/exerciseImages/sequences/26/Male/m/26_1.jpg,https://www.bodybuilding.com/exercises/exerciseImages/sequences/26/Male/m/26_2.jpg,Neck,Other
Weighted sissy squat,https://www.bodybuilding.com/exercises/weighted-sissy-squat,https://www.bodybuilding.com/images/2020/xdb/cropped/2019-xdb-180s-weighted-sissy-squat-m1-600x600.jpg,https://www.bodybuilding.com/images/2020/xdb/cropped/2019-xdb-180s-weighted-sissy-squat-m2-600x600.jpg,Quadriceps,Other
Jog In Place,https://www.bodybuilding.com/exercises/jog-in-place,,,Quadriceps,
Dumbbell Raise,https://www.bodybuilding.com/exercises/dumbbell-raise,,,Shoulders,Dumbbell
Palms-Down Dumbbell Wrist Curl Over A Bench,https://www.bodybuilding.com/exercises/palms-down-dumbbell-wrist-curl-over-a-bench,,,Forearms,Dumbbell
One Arm Supinated Dumbbell Triceps Extension,https://www.bodybuilding.com/exercises/one-arm-supinated-dumbbell-triceps-extension,,,Triceps,Dumbbell
Jog In Place,https://www.bodybuilding.com/exercises/jog-in-place,https://www.bodybuilding.com/images/2020/xdb/2963_1.jpg,https://www.bodybuilding.com/images/2020/xdb/2963_2.jpg,Quadriceps,
Dumbbell Raise,https://www.bodybuilding.com/exercises/dumbbell-raise,https://www.bodybuilding.com/exercises/exerciseImages/sequences/327/Male/m/327_1.jpg,https://www.bodybuilding.com/exercises/exerciseImages/sequences/327/Male/m/327_2.jpg,Shoulders,Dumbbell
Palms-Down Dumbbell Wrist Curl Over A Bench,https://www.bodybuilding.com/exercises/palms-down-dumbbell-wrist-curl-over-a-bench,https://www.bodybuilding.com/exercises/exerciseImages/sequences/4/Male/m/4_1.jpg,https://www.bodybuilding.com/exercises/exerciseImages/sequences/4/Male/m/4_2.jpg,Forearms,Dumbbell
One Arm Supinated Dumbbell Triceps Extension,https://www.bodybuilding.com/exercises/one-arm-supinated-dumbbell-triceps-extension,https://www.bodybuilding.com/exercises/exerciseImages/sequences/362/Male/m/362_1.jpg,https://www.bodybuilding.com/exercises/exerciseImages/sequences/362/Male/m/362_2.jpg,Triceps,Dumbbell
Stationary bike,https://www.bodybuilding.com/exercises/bicycling-stationary,,,Quadriceps,Machine
Dumbbell bent-over row,https://www.bodybuilding.com/exercises/bent-over-two-dumbbell-row,,,Middle Back,Dumbbell
Barbell thruster,https://www.bodybuilding.com/exercises/barbell-thruster,,,Quadriceps,Barbell
Flutter Kicks,https://www.bodybuilding.com/exercises/flutter-kicks,,,Glutes,Weight Bench
Dumbbell sumo squat,https://www.bodybuilding.com/exercises/plie-dumbbell-squat,,,Quadriceps,Dumbbell
Barbell upright row,https://www.bodybuilding.com/exercises/upright-barbell-row,,,Shoulders,Barbell
Superman,https://www.bodybuilding.com/exercises/superman,,,Lower Back,Body Only
Straight-Arm Pulldown,https://www.bodybuilding.com/exercises/straight-arm-pulldown,https://www.bodybuilding.com/images/2020/xdb/cropped/2019-xdb-104c-straight-arm-bar-pull-down-m1-600x600.jpg,https://www.bodybuilding.com/images/2020/xdb/cropped/2019-xdb-104c-straight-arm-bar-pull-down-m2-600x600.jpg,Lats,Cable
Barbell stiff-legged deadlift,https://www.bodybuilding.com/exercises/stiff-legged-barbell-deadlift,,,Hamstrings,Barbell
Standing One-Arm Dumbbell Triceps Extension,https://www.bodybuilding.com/exercises/standing-one-arm-dumbbell-triceps-extension,,,Triceps,Dumbbells
Smith machine bench press,https://www.bodybuilding.com/exercises/smith-machine-bench-press,,,Chest,Machine
Seated Side Lateral Raise,https://www.bodybuilding.com/exercises/seated-side-lateral-raise,,,Shoulders,Dumbbell
Dumbbell Lying Rear Lateral Raise,https://www.bodybuilding.com/exercises/dumbbell-lying-rear-lateral-raise,https://www.bodybuilding.com/images/2020/xdb/cropped/xdb-13n-incline-dumbbell-reverse-fly-m1-square-600x600.jpg,https://www.bodybuilding.com/images/2020/xdb/cropped/xdb-13n-incline-dumbbell-reverse-fly-m2-square-600x600.jpg,Shoulders,Dumbbell
Dumbbell preacher curl,https://www.bodybuilding.com/exercises/two-arm-dumbbell-preacher-curl,,,Biceps,Dumbbell
Front Raise And Pullover,https://www.bodybuilding.com/exercises/front-raise-and-pullover,,,Chest,Barbell
Dumbbell seated box jump,https://www.bodybuilding.com/exercises/dumbbell-seated-box-jump,,,Quadriceps,Dumbbell
Middle Back Shrug,https://www.bodybuilding.com/exercises/middle-back-shrug,,,Middle Back,Dumbbell
Incline face-down bar front raise,https://www.bodybuilding.com/exercises/straight-raises-on-incline-bench,,,Shoulders,E-Z Curl Bar
Butt-Ups,https://www.bodybuilding.com/exercises/butt-ups,,,Abdominals,Body Only
Band Good Morning (Pull Through),https://www.bodybuilding.com/exercises/band-good-morning-pull-through,,,Hamstrings,Bands
Bodyweight Reverse Lunge,https://www.bodybuilding.com/exercises/bodyweight-reverse-lunge,,,Quadriceps,Body Only
Seated One-Arm Dumbbell Palms-Down Wrist Curl,https://www.bodybuilding.com/exercises/seated-one-arm-dumbbell-palms-down-wrist-curl,,,Forearms,Dumbbell
Glute Kickback,https://www.bodybuilding.com/exercises/glute-kickback,,,Glutes,Body Only
Treadmill jogging,https://www.bodybuilding.com/exercises/jogging-treadmill,,,Quadriceps,Machine
Plate Pinch,https://www.bodybuilding.com/exercises/plate-pinch,,,Forearms,Other
Yates Row Reverse Grip,https://www.bodybuilding.com/exercises/yates-row-reverse-grip,,,Middle Back,Barbell
Linear Acceleration Wall Drill,https://www.bodybuilding.com/exercises/linear-acceleration-wall-drill,,,Hamstrings,Body Only
Reverse-grip bench press,https://www.bodybuilding.com/exercises/reverse-triceps-bench-press,,,Triceps,Barbell
Leverage Decline Chest Press,https://www.bodybuilding.com/exercises/leverage-decline-chest-press,,,Chest,Machine
Chain Handle Extension,https://www.bodybuilding.com/exercises/chain-handle-extension,,,Triceps,Other
